0,-1.8387,5.9385,4.2495
0.029786,-1.6072,5.598,4.8216
0.060669,-0.84446,5.8976,6.6331
0.089905,-0.61292,7.7772,6.7421
0.12015,-1.076,9.5342,6.7829
0.14984,-1.185,9.507,8.8941
0.17984,-0.72188,8.0088,9.2346
0.2099,-0.53119,7.6683,10.188
0.23984,0.23155,8.2812,9.2346
0.26984,1.1169,8.7715,7.8862
0.29978,1.0351,8.4719,8.1586
0.32977,0.42223,7.3958,9.2346
0.35974,0.31327,5.8976,8.5808
0.38974,0.081722,5.8976,7.1234
0.41971,0.31327,5.9793,6.7421
0.44986,0.65378,6.17,6.6604
0.47986,0.50395,6.0883,6.279
0.50989,0.53119,6.1292,7.355
0.5398,0.53119,6.0202,8.0769
0.56979,-0.040861,6.0474,7.6683
0.59982,-0.29965,5.9793,7.3141
0.62997,0.040861,5.8976,7.5865
0.65973,0.46309,5.8295,7.9679
0.68976,0.69464,5.7069,7.5457
0.72028,0.31327,5.6661,6.8238
0.74991,0.31327,5.9385,7.355
0.77991,0.34051,6.2381,7.927
0.80985,0.10896,6.3198,7.7772
0.83981,-0.10896,5.9385,7.6955
0.86984,-0.14982,5.4754,7.8862
0.89978,-0.29965,5.5571,7.8181
0.92978,-0.14982,5.7069,7.246
0.95978,0.040861,6.2109,7.5865
0.9899,0.081722,6.8238,8.3493
1.0198,-0,6.7012,7.927
1.0498,-0.27241,6.1292,7.5457
1.0798,-0.76274,5.5162,7.355
1.1098,-0.99429,5.3664,7.246
1.1398,-0.8036,5.598,7.355
1.1697,-0.65378,6.0202,7.3141
1.1999,-0.84446,6.5514,7.464
1.2298,-0.53119,6.17,7.7772
1.2598,-0.42223,5.7886,7.7364
1.2898,-0.57205,5.8976,7.5048
1.3198,-0.69464,6.0202,7.355
1.3511,0.10896,6.851,7.3958
1.3799,-0.46309,6.4016,6.5514
1.4098,-0.61292,6.279,7.1234
1.4398,-0.88532,6.8238,6.9736
1.47,-0.72188,6.4424,7.0145
1.4998,-0.42223,6.0474,6.5514
1.5298,-0.46309,6.0202,6.8919
1.5599,-0.34051,6.4016,7.246
1.5898,-0.46309,6.7421,6.9328
1.6198,-0.69464,6.2381,7.464
1.6498,-0.23155,5.9793,7.6955
1.681,0.081722,6.279,6.7829
1.7099,0.040861,6.2381,7.355
1.7398,-0.38137,6.0474,8.0496
1.7697,-0.29965,5.9793,8.0496
1.8,-0.42223,5.9385,7.0145
1.8311,-0.95342,6.2109,6.7829
1.8599,-0.72188,6.6604,7.464
1.8898,-0.76274,6.9328,7.7364
1.9301,-0.57205,7.8589,7.5865
1.9697,0.34051,4.6718,8.1586
1.9999,-0.23155,4.9033,6.7012
2.043,-0.65378,5.2438,6.3607
2.0801,-0.76274,5.4754,7.3958
2.1245,-0.57205,5.7478,7.6274
2.2,-0.23155,5.6661,8.6217
2.2301,-0.10896,5.3256,8.8124
2.2601,-0.19068,5.3256,8.7306
2.2903,-0.19068,5.5571,7.6955
2.3216,-0.29965,5.2847,7.2733
2.3503,-0.38137,5.0123,7.5457
2.3799,-0.50395,4.7535,8.0769
2.4099,-0.46309,4.3994,8.431
2.4402,-0.081722,4.0997,8.54
2.4779,0.34051,4.4811,7.4367
2.5101,1.6481,5.7478,7.2052
2.5413,2.152,4.8625,8.9213
2.5704,1.8796,4.6718,8.9213
2.6055,1.185,5.6661,8.54
2.6482,-0.95342,5.7886,11.346
2.68,-0.61292,4.3313,8.431
2.7108,-4.3721,8.7715,4.1814
2.7401,-5.3256,4.4402,6.17
2.77,-4.7535,6.1292,8.7715
2.8,-3.4459,7.246,6.6604
2.8682,-2.7513,7.6683,6.4697
2.9,-5.9385,12.871,0.10896
2.9299,-6.5514,13.334,0.88532
2.964,-7.246,14.329,1.5663
3.0002,-4.3721,9.8475,2.152
3.0299,-1.9886,7.246,0.27241
3.0599,-1.9886,9.4253,-0.61292
3.0899,-2.0703,10.229,-1.1169
3.1201,-1.3757,8.8124,-2.3427
3.1501,-1.3076,6.7421,-1.6481
3.1801,-1.9205,5.5571,-0.38137
3.21,-2.7513,5.4345,0.65378
3.2401,-2.7241,5.9385,0.84446
3.2699,-2.4108,6.17,0.10896
3.3,-2.833,6.851,-0.88532
3.3301,-3.6775,7.6955,-1.076
3.36,-4.7535,9.2346,-0.8036
3.3901,-5.8159,11.536,-0.53119
3.4202,-6.851,11.754,-0.38137
3.4501,-9.2346,10.651,-0.34051
3.48,-9.1529,12.572,0.10896
3.51,-5.7069,11.754,-0.53119
3.5399,-2.4108,8.2812,-1.0351
3.57,-2.1793,9.1937,-0.46309
3.6001,-3.5277,11.264,-1.2667
3.63,-4.2087,9.8884,-1.4982
3.6601,-3.5685,6.9328,-0.46309
3.6901,-3.1463,6.0202,-0.76274
3.7201,-2.3018,5.8976,-2.261
3.75,-2.3018,5.6252,-2.4517
3.78,-2.9556,6.0202,-1.0351
3.81,-3.2144,6.8919,0.69464
3.8403,-3.2144,7.1643,1.8796
3.8701,-4.2904,8.2403,1.6481
3.8999,-5.7478,9.5751,0.84446
3.93,-6.7829,10.46,-0.84446
3.96,-7.4367,10.61,0.19068
3.99,-7.2052,10.992,1.757
4.0199,-5.1757,13.443,-0.88532
4.05,-3.1735,12.83,-2.4517
4.0801,-1.7979,10.147,-1.3757
4.1099,-1.2667,10.692,-0.95342
4.14,-0.69464,11.223,-5.1757
4.1699,-1.2667,8.7715,-6.279
4.2001,-2.9148,7.0553,-1.9886
4.23,-4.018,6.5105,1.7979
4.26,-3.909,5.4754,1.2667
4.2899,-3.1463,5.6252,-0.14982
4.3201,-3.1735,5.7886,-0
4.35,-3.2553,5.0531,0.69464
4.3999,-3.1054,5.1349,0.23155
4.4301,-4.4811,8.8532,-0.69464
4.4603,-7.3958,12.177,-1.1169
4.4901,-9.2755,12.762,-0.72188
4.52,-9.8066,11.182,0.50395
4.55,-7.5048,11.645,-0.14982
4.58,-4.2904,10.842,-2.4925
4.61,-3.4459,7.8589,-2.7241
4.6401,-2.5334,6.7012,-2.6015
4.6699,-2.3018,8.6625,-4.2495
4.7003,-3.5685,10.338,-6.0474
4.7299,-4.0589,9.6568,-3.6366
4.76,-2.7922,7.7364,0.50395
4.79,-1.4982,5.9385,3.0646
4.82,-1.6481,5.5162,0.65378
4.85,-2.6832,5.7478,-1.185
4.8802,-4.3721,5.8295,-0.42223
4.91,-4.7126,6.5105,-0.46309
4.9399,-4.5628,7.2052,-0.99429
4.97,-5.0531,8.431,-1.4165
5,-6.9328,10.529,-1.2667
5.0301,-7.4367,11.264,-0.76274
5.06,-7.0145,11.414,-0.46309
5.0901,-6.279,12.367,-1.1169
5.1202,-4.985,11.754,-2.5334
5.1504,-2.9556,9.0439,-2.261
5.18,-1.4982,7.246,-2.3427
5.2099,-1.185,8.7715,-3.0237
5.2401,-2.0294,10.311,-3.6775
5.2701,-4.1406,10.12,-3.4868
5.3001,-4.7944,9.616,-2.3699
5.33,-4.1814,8.4991,-1.2258
5.3601,-3.5958,6.5105,-0.61292
5.39,-2.6015,5.1757,-0.72188
5.4199,-1.6481,4.0589,-0.65378
5.4501,-1.8387,4.018,-0.46309
5.48,-2.4925,5.5162,-0.69464
5.51,-3.5958,7.927,-1.2667
5.54,-5.7886,11.073,-2.4108
5.57,-7.8862,12.49,-2.9556
5.6,-7.8862,11.836,-1.9477
5.6299,-5.9793,12.572,-2.3427
5.6601,-4.985,12.449,-3.909
5.69,-2.1793,8.8941,-3.5277
5.7201,0.19068,5.7478,-2.9829
5.7501,-1.4982,7.5865,-3.9771
5.78,-4.2904,10.188,-4.9033
5.81,-4.3994,10.27,-5.6661
5.8401,-3.337,8.7306,-4.6718
5.8701,-2.7241,7.246,-1.4982
5.9008,-2.3699,5.8567,0.38137
5.93,-1.3757,4.3994,-0.57205
5.9599,-2.1384,4.522,-0.99429
5.9899,-3.2961,5.3256,-1.076
6.0901,-1.5255,6.0202,-2.0703
6.1201,-2.9829,5.1349,-0.42223
6.15,-5.1349,5.2847,1.5391
6.1801,-5.1349,6.0202,3.337
6.2102,-4.985,7.2052,2.4925
6.24,-5.6661,8.7306,0.53119
6.2699,-6.17,10.12,-0.10896
6.3001,-6.6604,11.414,0.14982
6.3299,-6.4288,11.564,0.76274
6.3601,-6.0883,12.027,0.69464
6.39,-5.3664,13.062,-0.34051
6.4201,-4.2904,11.414,-0.88532
6.4501,-2.7513,8.4991,-0.8036
6.5017,-3.337,8.8532,-1.1441
6.5401,-1.3348,10.27,-3.5958
6.57,-4.5628,8.431,-3.5685
6.6,-6.2109,6.1292,-2.1112
6.63,-5.4345,5.1349,-0.61292
6.6601,-3.0646,5.1757,0.23155
6.69,-0.69464,4.9442,0.65378
6.72,-0.91256,6.3198,0.95342
6.7499,-1.5663,6.8238,1.4574
6.7801,-3.337,7.0553,3.6775
6.81,-8.9213,9.616,2.7922
6.84,-9.9156,10.733,0.99429
6.87,-7.6546,10.569,-2.5606
6.9001,-9.003,11.645,-0.88532
6.93,-9.7658,11.223,-1.757
6.96,-6.4288,8.4719,-5.9385
6.99,-3.5685,8.1995,-7.6955
7.0203,-4.5901,8.0496,-2.9556
7.05,-5.203,8.8532,1.8796
7.0804,-3.5685,9.2755,2.2201
7.11,-3.1054,8.6217,-0.88532
7.1401,-2.833,7.927,-1.9477
7.17,-2.8739,7.1234,-1.4574
7.2,-2.9829,6.0883,-0.50395
7.2299,-3.6775,5.9385,-0.10896
7.26,-3.4051,6.0883,0.040861
7.29,-2.6423,6.7829,-0.23155
7.32,-3.3642,7.6955,-0.53119
7.35,-3.337,9.1937,-0.76274
7.38,-3.6366,11.264,-0.8036
7.4101,-4.6309,12.027,0.27241
7.44,-4.7944,11.223,2.3018
7.47,-4.3721,12.721,2.5334
7.5,-3.6366,12.64,-2.0703
7.5299,-1.4574,9.1529,-3.909
7.56,-1.3076,7.8589,-3.1054
7.5903,-3.5685,9.8066,-3.1054
7.6203,-4.522,11.141,-2.7241
7.6499,-3.0237,9.8884,-0.91256
7.6801,-1.3076,7.7772,1.076
7.71,-1.5663,6.0202,0.19068
7.7401,-1.5255,5.7069,-0.61292
7.77,-1.5663,5.6252,0.14982
7.7999,-1.9477,6.0202,1.0351
7.8301,-2.261,6.4424,1.1169
7.8601,-2.3018,7.0145,0.92618
7.89,-2.9829,8.7306,0.88532
7.92,-5.1757,11.373,0.34051
7.95,-7.246,12.34,0.38137
7.9801,-7.5048,11.414,0.46309
8.0099,-7.6546,11.223,0.65378
8.04,-5.4345,11.754,-1.3076
8.0699,-2.3699,11.564,-2.9556
8.1001,-0.46309,10.079,-2.8739
8.1301,-0.42223,8.5808,-2.6832
8.16,-2.9829,9.9565,-2.4925
8.1899,-4.522,11.264,-1.6481
8.2201,-4.2904,9.3436,-1.6889
8.2501,-3.3642,6.5105,-0.61292
8.2801,-4.018,5.7886,0.65378
8.3099,-4.1406,5.2438,0.34051
8.3401,-3.6366,5.8567,-0.34051
8.3701,-3.0237,6.5105,-0.081722
8.4001,-2.7922,6.8238,-0.76274
8.4301,-3.6366,7.2052,-0.42223
8.4601,-5.4073,7.9679,0.38137
8.49,-6.3198,10.038,0.10896
8.52,-6.6331,12.258,-0.10896
8.55,-7.3141,12.177,0.8036
8.5799,-5.598,13.566,0.34051
8.6101,-2.9556,13.484,-1.0351
8.64,-1.076,10.529,-0.88532
8.67,-0.081722,8.1586,-0.34051
8.7002,0.23155,8.3901,-1.757
8.7299,0.72188,10.311,-5.8567
8.7599,-0.34051,10.924,-5.1349
8.79,-1.7298,8.9213,-1.7298
8.8201,-3.5685,7.2052,2.152
8.85,-7.5457,5.1757,2.5606
8.8803,-3.6366,5.8976,-0.29965
8.91,-1.185,6.279,-0.84446
8.9401,-2.4108,5.7478,0.14982
8.9699,-3.3642,5.4073,0.14982
9,-4.5628,6.7829,0.76274
9.03,-5.3256,10.379,0.10896
9.06,-6.4016,13.375,-0.27241
9.0903,-7.5048,13.062,0.69464
9.1199,-8.0088,11.223,0.19068
9.1499,-4.3994,11.727,-2.4108
9.1801,-0.53119,10.842,-2.6832
9.2101,0.76274,9.4253,-2.6015
9.2402,-1.1441,8.2403,-2.7241
9.27,-3.5277,8.9213,-2.7513
9.3,-4.7944,10.692,-1.6889
9.3299,-4.2087,10.61,-0.65378
9.36,-2.4925,8.3901,-0.72188
9.3901,-2.1793,7.1234,-0.53119
9.4201,-2.3427,6.9328,-0.99429
9.45,-2.4108,6.7421,-0.99429
9.48,-3.0646,6.4424,-0.42223
9.51,-3.7184,6.0883,-0.040861
9.5401,-3.9771,6.2381,-0.10896
9.57,-4.3721,7.1234,-0.46309
9.5999,-4.8216,8.6625,-1.3076
9.63,-6.3198,10.801,-0.50395
9.6601,-7.9679,12.681,2.2201
9.69,-7.0145,13.675,1.4574
9.72,-5.3256,13.866,-0.57205
9.75,-2.8739,11.264,-1.6072
9.7801,-1.0351,7.927,-0.88532
9.81,-0.99429,6.7421,-0.38137
9.8399,-1.6889,6.8238,-0.91256
9.87,-2.1112,8.8941,-2.7241
9.9001,-1.5255,9.9973,-4.4402
9.9299,-2.1112,7.6274,-3.4459
9.96,-3.6366,6.3198,-0.91256
9.9901,-4.5901,6.6604,1.1169
10.02,-4.0589,7.5048,2.261
10.05,-2.6832,8.0769,1.8387
10.08,-2.7241,7.8589,0.14982
10.11,-3.1054,7.6683,-0.84446
10.14,-3.7184,8.3084,0.34051
10.17,-5.1349,10.311,0.65378
10.2,-6.3607,12.108,0.10896
10.23,-6.5922,11.686,0.081722
10.26,-6.8919,11.373,-0.84446
10.29,-5.1757,11.959,-2.3427
10.32,-1.9205,10.883,-3.1463
10.35,-0.081722,8.7306,-3.4868
10.38,-0.99429,7.3958,-3.5685
10.41,-3.2553,8.54,-2.7922
10.44,-5.5571,10.188,-0.46309
10.47,-5.1349,8.54,-0.65378
10.5,-3.3642,7.246,-1.076
10.53,-1.9477,7.3958,-0.46309
10.56,-2.1793,7.3958,-0.50395
10.59,-3.2961,6.8919,-0.29965
10.62,-3.7865,6.4016,0.081722
10.65,-3.5958,6.7421,-0.14982
10.68,-3.2961,7.2733,-0.29965
10.71,-3.2553,8.0088,-0.53119
10.74,-4.018,9.0439,-0.38137
10.77,-5.2847,10.311,-0.76274
10.8,-7.0826,11.373,0.31327
10.83,-7.3141,13.212,0.69464
10.86,-4.1814,13.525,-0.99429
10.89,-1.185,11.223,-0.91256
10.92,-0.23155,8.9622,0.27241
10.95,-0.38137,8.6625,0.34051
10.98,-0.61292,9.7249,-2.4108
11.01,-0.61292,10.338,-4.2904
11.04,-1.1441,8.8124,-5.094
11.07,-2.9829,6.9736,-3.5277
11.1,-6.4016,6.4424,1.7298
11.13,-6.7421,6.17,3.9908
11.16,-3.4459,7.464,1.8387
11.19,-2.1384,7.355,0.040861
11.22,-3.2553,6.7829,-0.19068
11.25,-3.6775,7.0826,0.34051
11.28,-3.3642,8.0769,-0.19068
11.31,-4.2495,10.379,-0.69464
11.34,-6.3607,12.217,-0.42223
11.37,-7.5048,11.346,-0
11.4,-7.5048,11.918,-0.8036
11.43,-4.6309,12.449,-2.1793
11.46,-1.6072,11.414,-2.3699
11.49,0.040861,9.112,-2.3018
11.52,-1.4574,7.355,-1.757
11.55,-3.5277,7.8589,-1.6889
11.58,-4.3313,9.2755,-1.4574
11.61,-3.7184,9.1937,-1.076
11.64,-2.5334,8.3084,-0.53119
11.681,-1.757,7.9679,-0.8036
11.76,-4.3721,6.7012,-0.46309
11.79,-4.2904,6.7012,-0.8036
11.82,-3.8273,7.0826,-0.19068
11.85,-3.2553,7.6274,-0.14982
11.88,-3.4051,8.431,-0.57205
11.91,-4.6718,10.12,-0.46309
11.948,-6.4288,11.114,0.081722
11.98,-7.8862,11.536,0.88532
12.01,-6.0474,12.953,0.42223
12.04,-3.1054,12.027,-0.081722
12.07,-0.88532,9.0848,-0.46309
12.1,0.10896,7.5048,-0.29965
12.13,-0.42223,8.3493,-0.53119
12.16,-1.4165,9.6977,-1.6072
12.233,-1.7298,9.9156,-2.3018
12.281,-3.8682,10.038,-1.9477
12.31,-3.4051,8.4719,-0.76274
12.34,-2.4517,7.6683,0.10896
12.37,-1.7979,6.8919,0.92618
12.4,-1.7298,6.6604,-0.19068
12.43,-2.1112,6.5922,-0.88532
12.46,-3.3642,6.4424,0.27241
12.49,-4.2904,6.6331,0.31327
12.52,-4.7944,7.0553,0.10896
12.55,-5.2438,7.7364,0.31327
12.58,-5.5571,9.5342,0.34051
12.61,-5.598,11.455,0.081722
12.64,-5.9793,12.149,0.57205
12.67,-6.8919,13.525,1.1441
12.7,-4.9442,13.757,0.8036
12.73,-2.0294,11.141,-0.46309
12.76,-0.69464,7.8181,-0.69464
12.79,-0.46309,7.1643,-0.42223
12.82,-0.50395,9.003,-1.3757
12.85,0.040861,10.924,-4.3313
12.88,-0.69464,9.112,-3.8682
12.91,-2.1793,7.464,-0.72188
12.94,-3.5958,6.5105,0.57205
12.97,-4.1814,6.17,0.38137
13,-4.0997,6.5514,0.57205
13.03,-3.7865,6.851,1.3757
13.06,-3.5958,7.1643,0.95342
13.09,-3.7865,7.1643,0.50395
13.12,-4.1814,7.8862,0.23155
13.15,-5.094,10.229,0.38137
13.18,-6.279,12.217,0.19068
13.21,-7.0826,12.177,0.42223
13.24,-6.0202,13.212,-0.50395
13.27,-3.4868,13.334,-2.1112
13.3,-1.8387,11.032,-1.9205
13.33,-1.2667,8.0769,-2.0294
13.36,-2.1384,8.0088,-3.0237
13.39,-3.4459,9.0848,-2.6832
13.42,-3.9771,8.7715,-1.6889
13.45,-3.3642,8.0769,-0.91256
13.48,-1.9205,7.5048,-0
13.51,-1.6072,7.2052,-0.081722
13.54,-2.261,7.1643,-1.1441
13.57,-2.9829,6.7421,-0.23155
13.6,-3.7592,6.4016,0.081722
13.63,-3.7865,6.7012,-0.29965
13.66,-3.9499,7.2052,-0.10896
13.69,-4.1814,8.2403,-0.040861
13.72,-4.5901,9.9973,-0.38137
13.75,-4.9442,12.027,-0.38137
13.78,-5.9793,12.64,0.14982
13.81,-7.246,13.593,0.92618
13.84,-5.0531,13.566,0.23155
13.87,-1.9477,11.305,-0.57205
13.9,-0.38137,8.1995,-0.61292
13.93,0.10896,7.0553,-0.53119
13.96,0.34051,9.2346,-2.0703
13.99,0.57205,10.12,-5.7886
14.02,-1.3757,8.2812,-3.3642
14.05,-3.7592,6.851,-0.50395
14.08,-4.4402,6.4697,1.5391
14.11,-4.0589,6.8238,1.5391
14.14,-3.337,7.0826,0.53119
14.17,-2.9829,7.1234,0.42223
14.2,-3.337,7.1643,0.31327
14.23,-3.6366,7.2733,-0.081722
14.26,-3.9771,8.1177,0.31327
14.29,-5.1757,10.46,0.61292
14.32,-6.4288,11.986,0.61292
14.35,-7.246,11.141,0.88532
14.38,-7.3141,11.496,-0.46309
14.41,-4.0589,12.531,-2.0294
14.44,-1.4165,10.992,-1.9477
14.47,-0.42223,8.9622,-2.2201
14.5,-1.7979,9.003,-2.6015
14.53,-3.5685,9.507,-2.833
14.56,-3.8682,9.2755,-1.8387
14.59,-3.5685,8.0769,-0.29965
14.62,-2.5606,7.1643,0.69464
14.65,-1.3757,6.7829,-0.081722
14.68,-1.2258,7.0553,-1.4165
14.71,-2.3018,6.7829,-0.57205
14.74,-3.6775,6.4697,0.14982
14.77,-4.4811,6.8238,-0.081722
14.8,-5.203,7.0553,0.14982
14.83,-5.7886,7.8862,0.27241
14.86,-5.7478,9.9156,0.23155
14.89,-5.3256,12.258,0.23155
14.92,-5.6661,12.599,0.76274
14.95,-7.3141,12.871,1.5663
14.98,-5.9793,12.49,0.61292
15.01,-2.4517,10.76,-0.27241
15.04,-0.69464,8.54,-0.53119
15.07,-0.19068,7.0145,-0.57205
15.1,-0.10896,8.8532,-1.2258
15.13,1.0351,11.373,-4.522
15.16,-0.27241,9.616,-4.3721
15.19,-2.9829,7.6955,-1.1441
15.22,-4.6309,6.7829,0.61292
15.25,-4.4811,6.851,1.4165
15.28,-3.8682,6.6604,1.1441
15.31,-3.4459,6.5922,0.61292
15.34,-3.2553,6.7012,0.31327
15.37,-3.4459,7.0145,-0.081722
15.4,-4.0589,7.3141,0.53119
15.43,-4.5628,8.8124,0.95342
15.46,-5.1349,11.346,0.69464
15.49,-6.1292,12.108,0.61292
15.52,-7.1234,11.073,1.1441
15.55,-6.6604,11.727,-0.53119
15.58,-3.1054,11.918,-2.261
15.61,-1.4982,10.42,-1.9477
15.64,-1.1441,9.1937,-1.2667
15.67,-2.1384,9.112,-2.6015
15.7,-3.7592,8.9213,-2.7513
15.73,-4.4402,8.8124,-0.91256
15.76,-3.8682,8.431,0.14982
15.79,-2.0294,7.5865,0.69464
15.82,-0.46309,7.3958,0.040861
15.85,-0.14982,7.6955,-1.1441
15.88,-1.6481,7.246,-1.0351
15.91,-3.337,6.8919,-0.42223
15.94,-4.6309,7.0826,0.27241
15.97,-5.3256,7.3141,0.72188
16,-6.1292,8.3084,0.92618
16.03,-6.4016,9.7249,0.27241
16.06,-5.9385,11.536,0.081722
16.09,-5.4073,11.918,0.8036
16.12,-6.3198,12.83,1.4982
16.15,-4.9033,12.599,0.88532
16.18,-1.9477,10.529,-0.23155
16.21,-0.72188,8.3901,-0.42223
16.24,-0.61292,7.8589,-0.46309
16.27,-1.3076,9.6977,-0.99429
16.3,-0.76274,11.414,-2.833
16.33,-0.95342,9.0848,-3.6775
16.36,-1.4982,7.4367,-2.1793
16.39,-2.5606,6.5514,-0.72188
16.42,-3.7865,6.1292,0.34051
16.45,-4.3721,6.3198,1.5391
16.48,-4.0589,6.5514,1.7979
16.51,-3.3642,6.9328,0.84446
16.54,-3.1735,7.464,0.46309
16.57,-3.9499,8.3901,0.34051
16.6,-5.0531,10.27,0.31327
16.63,-6.1292,11.877,0.61292
16.66,-6.7421,11.605,0.95342
16.69,-7.1643,12.177,-0.10896
16.72,-4.522,12.027,-1.6481
16.75,-1.4574,11.032,-1.9205
16.78,-0.29965,9.5342,-1.6481
16.81,-1.5255,9.3436,-2.3018
16.84,-3.2961,9.3844,-2.7241
16.87,-4.0997,9.4253,-1.4165
16.9,-4.018,8.431,-0.10896
16.93,-2.7241,7.2733,0.38137
16.96,-1.6889,6.7421,0.19068
16.99,-1.4165,6.851,-0.8036
17.02,-1.6481,6.7829,-0.57205
17.05,-2.7922,6.4424,-0.23155
17.08,-3.909,6.7421,-0.040861
17.11,-4.3313,7.1643,-0.29965
17.14,-4.9442,8.0496,0.040861
17.17,-5.5571,9.8066,0.31327
17.2,-5.598,11.686,0.14982
17.23,-5.5571,12.068,0.38137
17.26,-6.4016,13.144,0.46309
17.29,-5.2438,13.144,0.72188
17.32,-2.4108,10.801,-0.081722
17.35,-0.38137,8.1995,-0.65378
17.38,-0.081722,7.6274,-0.27241
17.41,-0.53119,9.7658,-1.3348
17.44,-0.46309,11.223,-3.9771
17.47,-1.3757,9.1529,-3.2961
17.5,-2.0703,7.8181,-0.65378
17.53,-2.9556,6.8919,0.081722
17.56,-3.7184,6.4016,0.19068
17.59,-4.0589,6.5105,0.57205
17.62,-3.8273,6.8238,1.3076
17.65,-3.4459,6.9328,1.3076
17.68,-3.4459,6.8919,0.38137
17.71,-3.909,7.6683,0.14982
17.756,-4.985,10.079,0.72188
17.79,-6.1292,11.727,0.95342
17.82,-6.9736,11.032,0.95342
17.85,-7.2052,11.795,-1.3076
17.88,-3.4459,11.605,-2.1384
17.91,-0.61292,10.379,-1.4982
17.94,-0.61292,9.1529,-1.5663
17.97,-2.6015,9.3844,-2.9829
18,-3.909,9.8475,-2.4517
18.03,-3.7592,9.5342,-1.1441
18.11,-1.3076,6.7421,-0
18.14,-1.4982,7.0145,-1.185
18.17,-2.1793,6.8919,-0.57205
18.2,-3.3642,6.5105,-0.10896
18.24,-4.522,6.6604,0.27241
18.28,-5.203,7.0826,0.10896
18.31,-5.7478,9.2755,0.14982
18.34,-5.598,11.373,0.081722
18.37,-5.3256,11.918,0.31327
18.4,-6.4697,12.572,0.72188
18.43,-5.8567,13.525,1.1169
18.46,-2.6423,11.754,0.14982
18.49,-0.72188,9.003,-0.88532
18.52,-0.50395,7.6955,-0.38137
18.55,-1.2667,9.003,-0.29965
18.588,-0.65378,11.182,-2.4108
18.62,-1.3076,8.8941,-3.7592
18.65,-1.7298,7.3141,-2.0294
18.68,-2.6832,6.6604,-0.91256
18.71,-3.5958,6.4697,0.72188
18.74,-4.2495,6.8919,1.9886
18.77,-4.3313,6.851,1.7979
18.8,-4.1814,6.8238,0.61292
18.87,-4.0589,6.8919,0.61292
18.9,-5.2438,12.49,-1.0351
18.93,-4.2495,14.015,-1.6072
18.96,-4.7944,12.299,-1.8796
18.99,-1.9477,9.3844,-1.6481
19.028,0.081722,11.536,-3.0646
19.06,-0.38137,10.651,-5.0123
19.09,-1.6072,9.0848,-4.2087
19.12,-2.3699,8.431,-4.2087
19.15,-2.5334,7.927,-3.5277
19.18,-2.4108,7.1234,-1.7979
19.21,-2.261,6.1292,-0.19068
19.24,-1.9886,5.5162,-0.081722
19.27,-2.6423,5.7069,-0.34051
19.3,-3.6366,6.9328,-1.5663
19.33,-4.0589,8.0496,-1.185
19.37,-4.2904,8.7715,-0.38137
19.41,-3.4051,8.7306,-1.2667
19.44,-2.9829,8.1586,-0.69464
19.47,-3.0237,7.8589,-0.27241
19.5,-3.3642,7.9679,-0.10896
19.53,-3.909,8.54,-0.19068
19.56,-4.5901,9.7249,-0.50395
19.59,-5.2847,10.651,-0.50395
19.62,-6.0474,11.455,-0.14982
19.65,-6.0474,14.138,-0.34051
19.68,-3.7865,13.675,-0.53119
19.71,-1.6481,9.5751,-1.2258
19.74,-0.65378,6.6331,-1.3348
19.77,-0.38137,5.9793,-1.6072
19.8,-0.88532,8.0088,-2.7241
19.83,-0.38137,9.5342,-4.8625
19.86,-0.46309,9.9156,-2.9148
19.89,-2.1112,9.003,0.19068
19.92,-3.3642,8.1177,0.95342
19.95,-3.0237,7.9679,0.14982
20.02,-1.3348,8.0496,0.27241
20.05,-1.4165,9.507,-0.081722
20.08,-1.7979,9.3027,-0.91256
20.11,-2.2201,7.8862,-2.0294
20.14,-2.1112,7.2733,-2.9829
20.17,-3.2144,6.7829,-0.88532
20.2,-4.7944,6.5922,2.3427
20.23,-3.6775,6.6604,1.4165
20.26,-3.7865,6.6604,0.38137
20.29,-3.909,7.1643,0.19068
20.32,-4.018,7.5865,0.50395
20.35,-4.3721,8.54,0.61292
20.38,-5.2438,10.27,0.53119
20.41,-6.5514,11.141,0.31327
20.44,-6.7829,11.795,-0.14982
20.47,-5.6252,13.593,-1.7298
20.5,-4.0997,13.103,-1.5255
20.53,-2.9556,10.311,0.23155
20.56,-2.3427,8.6217,-0.57205
20.59,-1.7298,8.3493,-2.1793
20.62,-1.1441,8.6898,-2.3699
20.65,-2.6423,9.0848,-1.1169
20.68,-2.9556,8.6217,0.23155
20.71,-2.6015,7.7364,0.040861
20.74,-2.6015,7.2733,-0.29965
20.77,-2.8739,6.9328,-0.34051
20.8,-2.9556,6.5922,-0.23155
20.83,-3.0646,6.6331,-0.34051
20.86,-3.5685,6.9328,-0.081722
20.89,-4.018,7.2052,-0
20.92,-4.4402,7.5865,0.040861
20.95,-4.7944,8.2812,-0.10896
20.98,-4.3721,9.9973,-0.72188
21.01,-4.3721,12.068,-0.46309
21.04,-6.4697,12.367,0.8036
21.07,-7.927,13.402,1.4574
21.1,-5.6661,13.634,0.10896
21.13,-3.2553,10.842,-1.1441
21.16,-1.5663,8.0088,-1.3076
21.19,-1.1441,6.279,-0.10896
21.22,-1.3757,7.6683,0.27241
21.25,-0.34051,10.188,-1.076
21.28,0.23155,10.61,-2.0294
21.31,-1.4982,8.2403,-1.5255
21.34,-2.9148,6.5514,-1.7298
21.37,-2.6423,6.2109,-2.4517
21.4,-2.7922,6.6604,-1.6481
21.43,-3.9499,7.0826,-0.38137
21.46,-4.4402,7.5865,2.0703
21.49,-4.6309,7.927,2.7922
21.52,-4.7535,7.464,2.3018
21.55,-3.9771,7.2733,1.1441
21.58,-4.2495,9.2346,-0.61292
21.61,-6.4016,11.877,-1.6889
21.64,-7.9679,11.959,0.69464
21.67,-7.6274,11.645,1.2667
21.7,-5.7069,12.871,-0.76274
21.73,-3.4051,11.877,-1.185
21.762,-1.0351,9.4253,-1.6481
21.79,-0.46309,8.1995,-2.7922
21.82,-1.757,8.6898,-3.337
21.85,-3.2961,9.5342,-2.1793
21.88,-3.3642,9.6977,-1.185
21.91,-2.3018,8.4719,-0.42223
21.94,-1.6072,7.5048,-0
21.97,-2.4108,7.3958,0.27241
22,-3.4868,6.851,0.57205
22.03,-3.5277,6.4424,0.50395
22.06,-3.5277,6.5922,-0.081722
22.09,-3.1463,6.7421,-0.69464
22.12,-3.1463,6.9736,-0.69464
22.15,-3.7592,7.8862,-0.38137
22.18,-4.522,9.0439,0.10896
22.21,-5.6661,10.951,1.185
22.24,-6.3198,12.83,1.3348
22.27,-7.2052,13.797,1.0351
22.3,-6.5514,13.906,0.99429
22.33,-3.9771,10.992,0.27241
22.36,-1.757,7.6955,-0.29965
22.39,-0.88532,6.6331,-0.27241
22.42,-1.9205,7.8589,0.61292
22.45,-1.9205,9.8475,-0.040861
22.48,-0.14982,11.032,-2.0294
22.51,0.040861,8.9622,-2.1793
22.54,-1.4165,7.2733,-2.261
22.57,-2.4517,5.8295,-2.1384
22.6,-2.7513,6.2109,-1.1441
22.63,-3.337,6.8919,0.19068
22.66,-3.5277,7.0826,2.4108
22.69,-3.9771,7.2733,2.4108
22.72,-4.7126,6.8919,0.69464
22.75,-5.5162,8.431,1.1441
22.78,-6.0883,11.918,-0.081722
22.81,-6.9736,13.021,-0.46309
22.84,-7.3958,12.217,0.27241
22.87,-6.4016,13.062,-0.65378
22.9,-3.1054,12.367,-1.4982
22.93,0.040861,10.379,-1.6889
22.96,-0.10896,8.7715,-2.5606
22.99,-1.9205,8.6625,-2.5606
23.02,-3.1054,8.8941,-2.3699
23.05,-3.4051,8.7306,-1.2667
23.08,-3.0646,7.927,-0.14982
23.11,-2.0703,7.1234,0.14982
23.14,-1.8796,7.0553,0.040861
23.17,-3.2144,6.851,0.081722
23.2,-3.909,6.4697,0.57205
23.23,-3.6366,6.9328,-0
23.26,-3.1054,7.0145,-0.91256
23.29,-3.0237,7.0826,-1.0351
23.32,-3.5685,8.0088,-0.50395
23.35,-4.0997,9.2755,-0.040861
23.38,-5.094,11.346,0.27241
23.41,-5.8567,12.681,0.34051
23.44,-7.355,13.375,0.34051
23.47,-7.9679,13.593,0.95342
23.5,-4.6309,11.918,0.50395
23.53,-1.1441,8.4991,-0.19068
23.56,-0.88532,6.6604,-0
23.59,-1.757,7.7772,0.65378
23.62,-1.2667,9.4253,-0.29965
23.65,0.76274,10.311,-2.5334
23.68,1.3757,9.003,-2.6832
23.71,-1.4982,7.1234,-3.7592
23.74,-3.7592,6.3607,-2.4925
23.77,-4.5901,6.3607,0.61292
23.8,-4.3721,6.5105,2.833
23.83,-3.8273,7.1643,1.7298
23.86,-3.6366,7.4367,1.1169
23.89,-3.7592,7.7364,1.3076
23.92,-3.4459,8.9213,-0.38137
23.95,-4.9033,11.264,-1.4982
23.995,-6.7421,11.754,-0.88532
24.03,-7.7364,11.727,-0.57205
24.06,-4.4811,12.871,-1.5255
24.09,-0.76274,11.686,-2.8739
24.12,0.14982,9.4661,-3.6366
24.15,-1.6481,8.2812,-3.5277
24.18,-3.1463,8.54,-3.1735
24.21,-3.8273,9.112,-1.5663
24.24,-3.1735,8.7306,-0.19068
24.27,-1.5663,7.8862,-0.19068
24.3,-0.69464,7.2733,-1.3076
24.33,-1.757,7.246,-1.4574
24.36,-3.5685,6.5514,-0.19068
24.39,-4.522,6.3607,0.42223
24.42,-4.0997,6.8238,-1.1169
24.45,-3.4459,7.3958,-1.5663
24.48,-3.7865,7.927,-0.72188
24.51,-4.522,8.5808,0.081722
24.54,-4.7126,9.7249,0.23155
24.57,-5.0531,11.373,-0
24.6,-6.6331,12.217,0.27241
24.63,-7.6274,13.593,0.50395
24.66,-4.7535,13.988,0.61292
24.69,-1.3348,10.733,-0.88532
24.72,-0.040861,7.355,-1.4165
24.75,-0.38137,6.7829,-1.5255
24.78,-1.1441,7.927,-2.1384
24.81,-0.88532,9.507,-2.9148
24.84,-1.6072,9.3436,-4.522
24.87,-1.6889,8.1177,-3.6775
24.9,-2.4925,7.3958,-1.3076
24.93,-4.0589,6.7421,0.92618
24.96,-3.8273,6.5922,2.0294
24.99,-3.2144,7.0145,1.7298
25.02,-2.6423,7.1234,-0.19068
25.05,-2.9829,7.3141,-0.53119
25.08,-3.4868,7.927,-0.27241
25.11,-4.2904,10.038,-0.61292
25.14,-6.0474,11.754,-0.14982
25.17,-7.0826,11.686,-0.29965
25.2,-7.2052,12.108,-0.91256
25.24,-4.7535,12.912,-1.3348
25.27,-0.84446,10.951,-2.5606
25.3,0.38137,9.616,-2.9829
25.33,-0.76274,9.4661,-3.8273
25.36,-2.7513,9.0848,-3.3642
25.39,-4.0997,9.0848,-1.5255
25.42,-3.9499,8.431,0.040861
25.45,-1.9477,7.927,-0.10896
25.48,-0.72188,7.355,-0.88532
25.51,-1.6072,6.7421,-1.185
25.54,-2.9148,6.3607,-0.57205
25.57,-3.5958,6.4016,-0.14982
25.6,-3.5958,6.9736,-0.27241
25.63,-3.5685,7.3958,-0.42223
25.66,-3.7865,7.9679,-0.19068
25.69,-3.8682,9.2755,-0.27241
25.72,-4.1406,11.223,-0.8036
25.75,-5.4345,12.108,-0.65378
25.78,-7.3958,11.918,0.50395
25.81,-6.5514,13.144,1.2667
25.84,-2.6832,12.98,-0
25.87,-0.88532,9.8475,-0.95342
25.9,-0.8036,7.6955,-0.84446
25.93,-0.84446,7.7772,-0.88532
25.96,-0.46309,8.8941,-2.4108
25.99,-0.50395,10.12,-3.7184
26.02,-1.6072,8.7715,-4.7126
26.05,-2.3427,7.6955,-2.5334
26.08,-3.5958,7.1234,-0.081722
26.11,-3.6775,6.8238,0.95342
26.14,-3.337,7.0553,1.4165
26.17,-2.9148,6.8919,0.46309
26.2,-3.0237,7.0826,-0.14982
26.23,-3.7592,7.2733,0.31327
26.26,-3.5958,8.2403,-0.19068
26.29,-4.3994,10.61,-0.61292
26.32,-6.0883,12.34,-0.72188
26.35,-6.8919,11.918,-0.38137
26.38,-7.6546,11.536,-0.29965
26.41,-5.4073,12.177,-1.757
26.44,-2.2201,11.305,-2.4108
26.47,-0.10896,9.6977,-2.8739
26.5,-0.081722,8.4719,-3.2553
26.53,-2.3018,8.3901,-3.5277
26.56,-4.0589,8.7715,-2.4108
26.59,-4.3994,8.431,-0.38137
26.62,-2.8739,8.0088,0.19068
26.65,-0.69464,7.8862,-0.50395
26.68,-0.76274,7.464,-1.0351
26.71,-2.261,7.0553,-1.4165
26.74,-3.7865,6.8238,-0.84446
26.83,-3.7184,7.3141,-0.61292
26.86,-3.4459,8.4991,-0.8036
26.89,-4.2495,9.8475,-0.29965
26.92,-5.2438,11.455,-0.57205
26.979,-7.1234,12.367,0.040861
27.03,-5.1757,11.918,-0.081722
27.07,-6.5105,12.599,0.8036
27.1,-4.2904,13.293,-0.34051
27.13,-1.3348,10.501,-1.6481
27.16,0.040861,7.9679,-1.8796
27.19,-0.081722,7.8862,-1.1169
27.22,-0.69464,9.4253,-2.6015
27.25,-1.4982,9.6977,-4.9442
27.28,-2.7513,8.1995,-4.985
27.31,-3.7592,7.3141,-1.6889
27.34,-4.1814,6.4424,1.3348
27.37,-3.0237,7.1234,1.8796
27.4,-2.5606,6.8919,0.46309
27.43,-2.4108,6.7421,0.23155
27.46,-2.4925,6.851,-1.3348
27.49,-3.2553,7.2733,-0.99429
27.52,-4.018,8.54,-0.081722
27.55,-5.3664,10.61,-0.040861
27.58,-6.3198,11.918,-1.076
27.63,-6.7421,11.564,-0.95342
27.66,-4.1406,12.149,-2.6015
27.69,-1.3076,10.733,-3.0237
27.72,0.040861,9.9156,-2.3699
27.75,-0.72188,9.616,-2.6423
27.78,-2.9148,10.079,-2.4108
27.81,-3.4459,9.7249,-1.9886
27.84,-2.6423,8.3084,-1.1169
27.87,-1.2258,7.355,-0.72188
27.9,-0.27241,6.8919,-0.95342
27.93,-1.2258,6.4424,-1.2258
27.96,-2.7513,6.0883,-0.84446
27.99,-4.2087,6.17,-0.50395
28.02,-4.985,6.7421,-0.081722
28.05,-4.7944,7.3958,-0
28.08,-4.5628,8.5808,-0.040861
28.11,-4.8216,10.338,-0.38137
28.14,-5.5571,12.149,-0.081722
28.17,-6.4016,12.258,0.95342
28.2,-6.0474,12.217,1.2667
28.23,-3.5277,12.912,-0.10896
28.26,-0.57205,10.733,-1.5663
28.29,-0.19068,8.6898,-1.4574
28.32,-1.076,8.9213,-0.88532
28.35,-1.3076,10.61,-3.2961
28.38,-1.5255,9.9973,-6.3607
28.41,-3.0237,8.2812,-4.4811
28.44,-4.4811,6.7012,-0.19068
28.47,-3.2144,5.7886,1.3348
28.5,-2.4925,6.17,0.99429
28.53,-3.1735,6.0474,1.185
28.56,-2.7922,6.2381,-0.081722
28.59,-2.6423,6.5514,-1.0351
28.62,-3.5685,7.246,0.50395
28.65,-4.3994,9.2755,0.50395
28.68,-5.5162,11.754,-0.91256
28.71,-6.4288,12.599,-1.1441
28.74,-6.8238,11.605,-0.76274
28.78,-5.2438,12.177,-1.7979
28.81,-0.95342,11.536,-2.2201
28.84,0.42223,9.6568,-2.5606
28.87,-0.46309,8.8941,-3.0646
28.9,-2.6832,9.5342,-3.0237
28.93,-4.0997,9.8066,-2.3427
28.96,-3.4051,8.6898,-1.2258
28.99,-1.6889,7.8181,-0.50395
29.02,-0.53119,7.246,-0.8036
29.05,-1.0351,6.7421,-1.3348
29.08,-2.6423,6.3607,-1.1441
29.11,-4.3313,5.9793,-0.19068
29.14,-5.1349,6.2381,0.84446
29.17,-4.8216,7.3141,0.27241
29.2,-4.1406,8.54,-0.14982
29.23,-4.2087,9.7658,-0.57205
29.26,-5.0123,11.141,-0.50395
29.29,-6.3607,11.836,0.27241
29.32,-6.851,11.564,1.076
29.35,-5.2847,12.64,0.19068
29.38,-1.8796,11.346,-0.95342
29.41,-0.19068,9.0848,-1.0351
29.44,-0.19068,8.1177,-0.72188
29.47,-0.38137,9.8475,-2.2201
29.5,-0.69464,10.569,-5.5571
29.53,-3.1054,8.8941,-4.8625
29.56,-5.2847,7.2052,-0.88532
29.59,-4.5901,5.598,2.1793
29.62,-1.7298,6.7012,1.1441
29.65,-2.3018,7.1643,0.76274
29.68,-3.1735,6.7829,0.081722
29.71,-3.2553,6.7012,-0.84446
29.74,-3.4459,6.8919,-0.42223
29.77,-3.6775,7.5457,0.19068
29.8,-4.3313,9.7658,-0.23155
29.83,-5.7478,11.959,-0.65378
29.86,-6.7829,11.564,-0.040861
29.89,-6.4016,11.877,-0.8036
29.92,-3.8273,12.762,-2.6423
29.95,-1.7979,11.182,-2.1112
29.98,-1.3348,9.2346,-1.6889
30.01,-2.1384,8.54,-2.1112
30.04,-3.4868,9.3027,-2.5334
30.07,-4.2904,9.8475,-2.5334
30.1,-3.8273,8.6625,-2.0703
30.13,-2.7922,7.5457,-0.65378
30.16,-1.757,7.1234,-0
30.19,-1.3076,6.7421,-0.88532
30.22,-1.9886,6.6604,-1.0351
30.25,-3.5685,5.9793,-0.14982
30.28,-4.6309,5.6661,0.23155
30.31,-4.2904,6.5514,-0.10896
30.34,-4.4402,7.8862,-0.10896
30.37,-4.9442,9.507,-0.38137
30.4,-5.2438,11.536,-0.38137
30.43,-6.3198,11.645,0.31327
30.46,-7.5457,11.686,1.185
30.49,-5.6252,13.103,0.081722
30.52,-2.1112,11.496,-1.1441
30.55,-0.14982,9.616,-1.1169
30.58,-0.10896,8.9622,-0.69464
30.61,-0.69464,10.42,-1.3757
30.64,-1.076,10.76,-4.1814
30.67,-1.8387,8.5808,-4.7535
30.7,-3.0646,7.0145,-2.3699
30.73,-3.9499,5.8976,0.23155
30.76,-4.1406,5.6252,0.95342
30.79,-3.7592,5.7478,0.84446
30.82,-3.0237,6.5105,1.3076
30.85,-2.9556,7.1643,0.10896
30.88,-3.2144,7.8589,-0.27241
30.92,-4.2087,9.3027,0.50395
30.95,-5.2438,11.373,0.10896
30.98,-6.0202,11.918,-0.23155
31.01,-6.2109,11.605,-0.72188
31.04,-4.985,12.599,-1.1169
31.07,-2.3018,12.068,-1.3757
31.1,-0.53119,10.147,-1.7979
31.13,-0.53119,9.4253,-2.9829
31.16,-2.1384,9.4661,-3.2961
31.19,-3.8682,9.1529,-2.1112
31.22,-4.3721,8.4719,-1.185
31.25,-3.4459,7.8589,-0.61292
31.28,-2.4108,7.5865,-0
31.31,-1.3348,6.851,-0
31.34,-1.1441,6.8238,-1.5663
31.37,-2.2201,6.6604,-0.76274
31.4,-3.5277,6.7421,0.27241
31.43,-4.2904,6.9736,0.92618
31.46,-4.8216,7.8862,0.8036
31.49,-5.094,9.1937,-0.040861
31.52,-5.4073,11.141,-0.040861
31.55,-5.8567,12.258,0.53119
31.58,-6.5105,11.877,1.2258
31.61,-6.2109,12.79,0.69464
31.64,-2.833,11.686,-0.38137
31.67,-0.53119,9.6977,-0.8036
31.7,0.31327,8.4719,-0.57205
31.73,-0.23155,9.4253,-0.84446
31.76,-1.0351,10.501,-2.7513
31.79,-1.3757,9.0439,-4.2495
31.82,-1.8387,7.355,-4.1814
31.85,-2.9829,6.5514,-1.4165
31.88,-3.909,6.2381,0.92618
31.91,-3.7865,7.0553,1.6072
31.94,-3.8682,7.1234,0.65378
31.97,-3.7865,7.1234,1.076
32,-3.1463,7.3958,0.23155
32.03,-3.5277,7.6955,-0.10896
32.06,-4.4402,8.9213,0.42223
32.09,-4.9033,11.141,-0.14982
32.12,-5.9385,11.877,-0.34051
32.15,-6.6604,11.264,-0.27241
32.18,-5.6252,12.531,-1.185
32.21,-2.6015,12.299,-1.8796
32.24,-0.65378,10.529,-2.4517
32.27,-0.14982,9.0848,-3.1463
32.3,-2.0294,9.5751,-3.2961
32.33,-4.6718,9.8066,-2.1384
32.36,-4.9033,8.9213,-1.3348
32.39,-3.2553,7.6955,-0.61292
32.42,-1.6889,7.3958,0.081722
32.45,-1.0351,6.4697,-0.19068
32.48,-1.9886,6.279,0.040861
32.51,-3.0646,6.2381,-0.19068
32.54,-3.7592,6.5514,-0.081722
32.57,-3.6775,7.1234,-0.34051
32.6,-3.6366,7.6955,-0.42223
32.63,-3.9499,8.8124,-0.46309
32.66,-4.4402,10.733,-0.34051
32.69,-5.0123,11.605,-0.38137
32.72,-6.9736,11.536,0.50395
32.75,-6.5514,13.334,0.95342
32.78,-2.3018,12.721,-0.53119
32.81,0.14982,9.7658,-0.88532
32.84,0.27241,8.54,-0.34051
32.87,-0.19068,9.6977,-1.6072
32.9,-1.4982,10.883,-4.0997
32.93,-2.0294,9.2755,-4.0997
32.96,-1.4982,7.464,-2.6832
32.99,-2.4517,6.5105,-0.27241
33.02,-4.018,6.4016,1.1441
33.05,-4.5901,5.8567,1.2667
33.08,-3.2144,6.5105,0.99429
33.11,-3.0237,6.851,-0.19068
33.14,-3.8273,7.0145,-0.040861
33.17,-4.0589,8.3084,0.34051
33.2,-4.522,10.692,-0.34051
33.23,-6.0474,12.108,-0.23155
33.26,-7.1643,11.496,0.65378
33.29,-6.7421,12.79,-0.88532
33.32,-3.4459,13.593,-2.6832
33.35,-0.65378,10.842,-3.2553
33.38,-0.53119,8.5808,-3.4051
33.41,-2.261,8.6217,-3.0237
33.44,-3.9499,9.507,-2.4517
33.47,-4.3721,9.0848,-1.6889
33.5,-3.337,7.5048,-0.91256
33.53,-1.8387,7.0553,-0.34051
33.56,-1.4165,6.7421,-0.53119
33.59,-1.757,7.1234,-1.3076
33.62,-2.6015,7.1643,-0.99429
33.65,-4.1406,6.6604,0.14982
33.68,-4.6718,6.6331,0.50395
33.71,-4.018,7.355,-0.040861
33.74,-3.7592,8.8532,-0.46309
33.77,-4.4811,11.032,-0.46309
33.8,-5.1757,12.258,-0.61292
33.83,-6.6604,11.836,-0.19068
33.86,-7.5457,12.449,0.65378
33.89,-3.8682,11.877,-0.91256
33.92,-0.57205,10.311,-1.757
33.95,0.53119,8.8532,-1.3348
33.98,0.23155,9.0439,-1.185
34.06,-0.10896,10.801,-3.5685
34.09,-3.6775,7.246,-1.5255
34.12,-4.522,6.4697,1.757
34.15,-3.7865,6.9328,1.4165
34.18,-2.833,7.1643,0.65378
34.21,-2.4108,6.8919,-0.29965
34.24,-2.9556,6.5105,-0.88532
34.27,-3.4868,6.5922,-0.34051
34.3,-3.6366,7.927,0.081722
34.33,-4.3994,10.27,-0.14982
34.36,-6.2109,11.959,-0.34051
34.39,-7.0145,11.414,-0.42223
34.42,-6.3607,12.149,-1.4165
34.45,-3.6366,12.79,-2.5606
34.48,-1.2258,11.496,-2.4925
34.51,-0.23155,9.1937,-2.3699
34.54,-1.0351,8.5808,-2.261
34.57,-2.6832,9.3436,-1.9886
34.6,-3.4051,9.5751,-1.7298
34.63,-3.2553,8.4719,-1.2258
34.66,-2.4517,7.5865,-0.040861
34.69,-1.4165,7.3958,-0.34051
34.72,-1.4165,7.5048,-0.95342
34.75,-2.5334,7.0553,-0.8036
34.78,-3.7592,6.6331,-0.34051
34.81,-4.7535,6.6331,0.61292
34.84,-4.7126,6.7829,-0
34.87,-4.0997,7.355,-0.34051
34.9,-4.3313,8.1995,0.14982
34.93,-4.8216,9.3844,0.23155
34.96,-5.1757,10.951,0.27241
34.99,-6.0202,10.569,0.27241
35.02,-6.8238,11.877,0.65378
35.05,-4.1814,13.293,-0.42223
35.08,-1.3348,11.877,-1.4574
35.11,-0.10896,9.616,-0.95342
35.14,-0.34051,8.9622,-0.57205
35.17,-1.2258,10.338,-2.0703
35.2,-1.757,10.27,-4.5901
35.23,-1.6889,8.431,-4.2087
35.26,-2.5334,7.1643,-1.2258
35.29,-3.9771,6.851,1.3757
35.32,-4.9442,6.3198,1.3757
35.35,-3.9499,6.279,1.0351
35.38,-2.0294,6.6331,-1.0351
35.41,-3.2144,6.5514,-0.65378
35.44,-4.1814,7.0553,0.53119
35.47,-4.2087,9.0848,0.081722
35.5,-4.9442,11.795,-0.57205
35.53,-6.2109,11.986,-0.10896
35.56,-7.464,11.073,-0.23155
35.59,-6.6604,11.836,-1.9477
35.62,-2.7922,11.455,-2.7922
35.65,-0.29965,10.311,-2.6832
35.68,-0.61292,9.0848,-2.6423
35.71,-2.7241,9.3027,-2.9148
35.74,-4.2495,10.379,-2.6015
35.77,-3.9499,9.5342,-1.7298
35.8,-2.3018,8.0769,-1.185
35.83,-0.76274,7.464,-0.50395
35.86,-0.84446,6.851,-0.72188
35.89,-2.1112,6.5105,-0.65378
35.92,-3.0646,6.4016,-0.53119
35.95,-4.2495,6.4697,-0.081722
35.98,-4.9033,7.0553,-0
36.01,-4.5628,8.0496,-0.57205
36.04,-4.4811,9.003,-0.50395
36.07,-4.985,9.9973,-0.38137
36.1,-5.2847,11.032,-0.29965
36.13,-5.9793,11.536,-0.14982
36.16,-5.7886,13.375,-0.19068
36.19,-2.9829,13.334,-0.72188
36.22,-0.57205,10.079,-1.3757
36.25,0.040861,7.8589,-1.0351
36.28,-0.8036,8.1995,-1.4165
36.31,-2.1793,10.038,-2.9148
36.34,-2.4925,10.188,-4.1406
36.37,-2.1384,8.5808,-3.5277
36.4,-2.4517,7.5457,-1.3757
36.43,-2.7513,7.1643,0.57205
36.46,-2.9556,7.0145,0.46309
36.49,-3.5277,6.8238,0.92618
36.52,-3.4868,7.0826,0.53119
36.55,-3.1463,6.8238,-0.65378
36.58,-3.4459,6.7829,-0.27241
36.61,-3.8273,8.1995,0.081722
36.64,-4.6718,10.951,-0.84446
36.67,-6.4697,11.836,-0.46309
36.702,-7.2733,10.569,-0.040861
36.74,-6.279,11.182,-1.9205
36.77,-2.1112,11.686,-3.0646
36.8,-0.91256,10.651,-2.3427
36.83,-1.3076,8.8124,-2.1793
36.86,-2.6423,8.9213,-2.7922
36.89,-3.4459,9.6568,-2.833
36.92,-3.2553,9.1529,-2.0294
36.95,-2.3427,8.0769,-0.95342
36.98,-1.3348,7.5048,-0.29965
37.01,-1.1441,7.2733,-0.95342
37.04,-2.3699,7.2052,-0.8036
37.07,-4.0589,6.7012,-0.53119
37.1,-5.0531,6.4424,-0.23155
37.13,-4.6309,6.8919,0.10896
37.16,-3.8682,7.5048,-0.34051
37.19,-4.018,8.3493,-0.46309
37.22,-4.9033,9.4661,-0.23155
37.25,-5.3256,10.842,-0.29965
37.28,-6.2381,11.346,-0.23155
37.31,-6.9736,12.531,0.34051
37.34,-4.018,13.103,-0.61292
37.37,-1.0351,10.951,-1.5255
37.4,-0.38137,8.5808,-1.3348
37.43,-1.0351,8.6217,-1.2667
37.46,-1.3757,10.842,-2.1384
37.49,-0.95342,10.801,-5.0531
37.52,-1.4982,8.54,-4.2904
37.55,-3.0646,6.7421,-1.2667
37.58,-3.3642,5.8295,0.34051
37.61,-3.4051,6.4016,0.42223
37.64,-3.6366,6.9328,1.7298
37.67,-2.7922,7.0826,0.42223
37.7,-2.4925,7.3141,-0.69464
37.73,-3.5277,7.7364,-0
37.76,-4.1814,8.8941,0.040861
37.79,-5.1349,11.073,-0.8036
37.82,-6.3607,12.027,-0.50395
37.85,-6.851,11.373,-0.46309
37.88,-5.203,11.795,-2.0294
37.91,-2.1793,11.414,-2.5334
37.94,-0.99429,10.692,-2.1112
37.97,-0.95342,8.9622,-2.1793
38,-2.5334,8.8124,-2.9829
38.03,-3.8682,9.7658,-3.1463
38.06,-4.018,8.9622,-1.9886
38.09,-2.9829,8.1995,-1.1169
38.12,-0.99429,7.8862,-0.61292
38.15,-0.53119,7.7772,-0.88532
38.18,-1.4165,7.355,-1.6072
38.21,-3.0646,6.8238,-1.076
38.24,-4.5628,6.5105,0.081722
38.27,-4.6309,6.6331,0.34051
38.3,-4.0589,7.3958,-0.10896
38.33,-4.2495,8.7306,-0.29965
38.36,-4.7535,10.229,-0.53119
38.39,-5.3256,11.686,-0.42223
38.42,-6.9736,11.605,0.46309
38.45,-7.0417,12.572,0.65378
38.48,-3.8682,12.721,-0.46309
38.51,-1.185,10.501,-1.3076
38.54,-0.27241,7.9679,-0.91256
38.57,-0.57205,7.9679,-0.91256
38.6,-1.1169,9.8475,-2.261
38.63,-1.3348,10.501,-4.3721
38.66,-1.9886,8.54,-4.8216
38.69,-2.9829,6.851,-2.6015
38.72,-3.909,6.279,-0.040861
38.75,-4.0589,6.9736,1.2258
38.78,-4.0997,7.1643,1.4165
38.81,-3.7592,7.355,1.8387
38.84,-2.5334,7.8181,-0.61292
38.87,-3.0646,8.0496,-0.88532
38.9,-4.018,8.6625,-0.27241
38.93,-4.3994,10.42,-0.50395
38.96,-5.6661,11.536,-0.53119
38.99,-6.4288,11.373,-0.53119
39.02,-5.7886,11.645,-1.757
39.05,-3.3642,11.536,-2.7241
39.08,-1.4574,11.032,-2.2201
39.11,-0.8036,8.8532,-1.9886
39.14,-2.1384,7.7364,-2.6423
39.17,-3.8682,8.3084,-2.9829
39.2,-4.6718,9.1529,-2.0703
39.23,-3.5277,8.7715,-1.4574
39.26,-1.5663,8.3084,-1.0351
39.29,-0.84446,7.8862,-0.8036
39.32,-1.7298,7.1643,-1.4574
39.35,-2.9556,6.851,-1.076
39.38,-4.2904,6.4424,-0.10896
39.41,-4.3994,6.5105,-0.081722
39.44,-3.7592,7.1643,-0.29965
39.47,-3.7184,8.2403,-0.29965
39.5,-4.1406,9.8066,-0.42223
39.53,-4.8216,11.305,-0.42223
39.56,-6.0202,11.795,-0.38137
39.59,-6.9328,12.599,-0.29965
39.62,-5.0123,13.443,-0.14982
39.65,-1.8387,11.727,-0.91256
39.68,-0.040861,8.3493,-1.7298
39.71,0.19068,7.4367,-1.5663
39.74,-0.72188,8.8532,-1.6889
39.77,-1.6889,10.501,-3.7865
39.8,-1.6072,9.4661,-4.3313
39.83,-1.8387,7.9679,-2.4925
39.86,-2.7241,6.9736,-0.23155
39.89,-3.7865,6.6604,0.53119
39.92,-4.1406,6.8919,1.5391
39.95,-3.4051,7.246,0.92618
39.98,-2.8739,7.1643,-0.57205
40.01,-3.1735,7.1234,-0.76274
40.04,-3.4459,7.6683,-0.34051
40.07,-3.7865,9.3844,-0.38137
40.1,-5.2438,11.305,-0.95342
40.13,-6.3198,11.836,-0.50395
40.16,-6.7012,12.027,-0.72188
40.19,-4.5628,12.449,-2.6832
40.22,-2.1793,11.795,-3.0237
40.251,-1.185,10.229,-2.0703
40.28,-0.99429,8.1995,-2.1384
40.31,-2.3699,7.6274,-2.9148
40.34,-3.6775,8.4991,-3.2553
40.37,-3.909,9.2755,-2.1384
40.4,-2.5606,8.6217,-1.1441
40.43,-0.91256,8.0769,-0.88532
40.46,-0.84446,7.8589,-1.4165
40.49,-2.261,7.464,-1.757
40.52,-4.4811,6.8919,-0.69464
40.55,-6.0474,6.279,0.46309
40.58,-4.985,6.6331,0.23155
40.61,-3.4051,7.1643,-0.38137
40.64,-3.5277,7.8862,-0.53119
40.67,-4.4402,8.7715,-0.27241
40.7,-4.8625,10.61,-0.27241
40.73,-5.3664,11.605,-0.27241
40.76,-7.0145,11.686,0.53119
40.79,-6.1292,12.953,0.23155
40.82,-3.2553,12.408,-0.95342
40.85,-1.4165,10.12,-1.4574
40.88,-0.42223,7.5865,-1.4165
40.91,-0.69464,8.0496,-1.3076
40.94,-0.72188,9.9565,-3.1735
40.97,-1.185,9.4253,-5.598
41,-2.833,8.1177,-3.7184
41.03,-4.2087,6.9736,-0.14982
41.07,-3.9771,6.7829,1.7298
41.1,-3.3642,7.246,1.1169
41.13,-3.4051,7.2733,0.61292
41.16,-2.7922,7.3958,-0.72188
41.19,-2.9556,7.5457,-0.61292
41.22,-3.7184,8.0088,0.081722
41.25,-4.5628,9.5342,0.040861
41.28,-5.6252,11.073,-0.46309
41.31,-6.8919,11.223,0.040861
41.34,-7.1643,10.883,-0.46309
41.37,-4.6718,11.959,-2.7922
41.4,-2.1384,11.877,-2.6832
41.43,-1.4165,10.147,-2.3427
41.46,-1.3076,8.2403,-2.4517
41.49,-2.9556,7.9679,-3.1463
41.52,-4.3994,9.1937,-2.5334
41.55,-4.3313,9.003,-1.9477
41.58,-2.6015,8.1995,-0.91256
41.61,-0.69464,7.8181,-0.76274
41.64,-0.84446,7.3141,-1.1441
41.67,-2.7241,6.8919,-0.84446
41.7,-4.7126,6.3198,-0.23155
41.73,-5.4345,6.2381,-0.19068
41.76,-4.1814,6.9328,-0.65378
41.79,-3.6775,7.6683,-0.65378
41.82,-4.5901,8.3901,-0.29965
41.85,-5.203,9.616,-0.14982
41.88,-4.7944,11.264,-0.23155
41.91,-5.5571,11.264,-0.29965
41.94,-6.5922,12.49,0.14982
41.97,-3.7184,13.144,-0.76274
42,-1.5255,11.141,-1.6889
42.03,-0.65378,8.7306,-1.757
42.06,-0.23155,8.6217,-1.7298
42.09,-0.38137,10.147,-3.5277
42.12,-0.84446,9.5342,-5.5571
42.15,-2.7513,8.4991,-3.337
42.18,-4.5628,7.2052,-0.14982
42.21,-4.5628,6.5514,1.2258
42.24,-3.1735,7.0145,1.076
42.27,-2.8739,7.0145,1.0351
42.3,-2.9556,7.0553,-0.34051
42.33,-3.2144,7.0826,-0.88532
42.36,-3.5277,7.246,-0.29965
42.39,-3.7592,7.8589,0.14982
42.42,-4.018,9.5751,-0.61292
42.45,-5.3256,11.564,-0.69464
42.48,-6.279,11.114,-0
42.51,-6.9736,11.414,-0.88532
42.54,-4.7944,12.681,-2.6015
42.57,-2.0294,11.645,-2.7241
42.6,-0.72188,9.4253,-2.9148
42.63,-1.7979,7.9679,-2.7241
42.66,-3.4868,8.6217,-2.7513
42.69,-3.9499,9.507,-2.4517
42.72,-3.4051,8.8124,-1.4982
42.75,-2.1384,8.3084,-0.42223
42.78,-1.185,7.6274,-0.46309
42.81,-1.757,6.9736,-0.99429
42.84,-3.2961,6.9328,-1.1169
42.87,-4.6718,6.7012,-0.34051
42.9,-4.985,6.6331,-0
42.93,-4.018,6.9736,-0.61292
42.96,-4.1814,7.5048,-0.76274
42.99,-5.203,8.3901,-0
43.02,-5.1349,9.8066,0.081722
43.05,-4.3721,11.455,-0.34051
43.08,-6.279,11.264,0.23155
43.11,-7.246,12.79,0.61292
43.14,-3.6366,13.021,-0.61292
43.17,-1.3076,10.42,-1.3348
43.2,-0.42223,8.2403,-1.5663
43.23,-0.38137,8.4991,-2.0703
43.26,-0.69464,10.147,-4.1814
43.29,-1.1169,9.616,-5.7478
43.32,-3.2144,8.4719,-3.1054
43.35,-5.3256,7.0826,0.72188
43.38,-4.6309,6.5922,1.8387
43.41,-2.7922,7.1643,1.3348
43.44,-2.4108,7.0826,0.081722
43.47,-2.6832,7.2052,-0.76274
43.5,-3.2144,7.355,-0.46309
43.53,-3.337,7.6274,-0.27241
43.56,-3.7865,8.6625,-0.38137
43.59,-5.1757,10.61,-0.53119
43.62,-6.6604,11.727,-0.46309
43.65,-7.3958,10.992,-0.38137
43.68,-6.5514,10.924,-1.185
43.71,-2.9556,11.959,-3.2144
43.74,-1.2667,11.346,-2.5606
43.77,-0.72188,9.5751,-2.2201
43.8,-1.4982,8.3084,-2.3699
43.83,-3.4459,9.2755,-2.4925
43.86,-4.1406,10.147,-2.5606
43.89,-2.7922,9.003,-1.6889
43.92,-0.91256,7.8862,-0.53119
43.95,-0.29965,7.8181,-0.69464
43.98,-1.6072,7.5048,-1.3348
44.01,-3.5685,6.7829,-0.95342
44.04,-5.0531,6.0202,0.10896
44.07,-4.9442,6.2109,0.34051
44.1,-3.9771,6.9328,-0.14982
44.13,-3.909,7.7364,-0.10896
44.16,-4.5628,9.2346,-0.29965
44.19,-5.203,10.951,0.040861
44.22,-5.4754,12.027,0.040861
44.25,-6.279,12.027,0.27241
44.28,-5.6252,12.98,0.42223
44.31,-2.9148,11.727,-0.72188
44.34,-1.4574,9.3844,-0.84446
44.37,-0.72188,7.5457,-1.4165
44.4,-0.61292,8.8941,-2.4108
44.43,-0.61292,10.569,-5.0531
44.46,-1.3757,9.4253,-5.6661
44.49,-3.1735,8.4719,-2.5334
44.52,-4.522,7.1234,0.65378
44.55,-3.909,6.9328,1.3757
44.58,-2.833,7.2052,0.99429
44.61,-2.9148,7.0145,0.34051
44.64,-3.2144,7.0553,-0.46309
44.67,-3.6366,6.9328,-0.27241
44.7,-3.6775,7.3141,-0
44.73,-3.7592,8.0088,-0.081722
44.76,-4.3721,9.7249,-0.57205
44.79,-5.7069,11.536,-0.42223
44.82,-6.7829,11.073,0.23155
44.85,-7.2052,10.76,-0.50395
44.88,-4.2904,12.258,-2.7513
44.91,-1.9886,11.986,-2.6015
44.94,-0.95342,9.8884,-2.3699
44.97,-1.7979,8.2403,-3.0646
45,-3.8273,9.0848,-2.6423
45.03,-4.3994,9.7658,-2.1112
45.06,-3.0237,9.3844,-1.1169
45.09,-1.185,8.2812,-0.19068
45.12,-0.53119,7.464,-0.46309
45.15,-1.9886,6.9736,-0.61292
45.18,-3.8273,6.8919,-0.081722
45.21,-4.4402,6.5105,-0.61292
45.24,-4.018,6.6331,-0.46309
45.27,-3.5958,7.3141,-0.38137
45.3,-3.7592,8.3084,-0.14982
45.33,-4.5628,9.5342,-0.46309
45.36,-5.0531,10.992,-0.29965
45.39,-4.9033,12.149,0.23155
45.42,-5.7478,12.258,1.4982
45.45,-5.598,12.299,1.1169
45.48,-2.9829,10.529,-1.0351
45.51,-1.4574,9.4253,-0.34051
45.54,-0.8036,9.1937,-0.27241
45.57,-1.1441,10.842,-1.7979
45.6,-0.76274,11.455,-4.9033
45.63,-1.9477,8.4719,-5.8159
45.66,-3.337,7.3141,-3.337
45.69,-4.2087,6.4016,-0.65378
45.72,-4.0589,6.1292,0.92618
45.75,-2.9148,6.8238,2.4108
45.78,-2.6015,6.9328,-0.081722
45.81,-3.7592,6.8238,0.92618
45.84,-3.4051,7.3141,0.42223
45.87,-3.1054,8.1177,-0.69464
45.9,-4.1814,10.801,-0.95342
45.93,-5.6252,12.108,-0.19068
45.96,-6.9736,11.414,0.31327
45.99,-7.4367,10.951,-0.65378
46.02,-4.8216,11.536,-2.261
46.05,-2.1793,10.76,-2.7922
46.08,-0.72188,9.8475,-2.6423
46.11,-0.88532,9.003,-2.7513
46.14,-2.7241,9.0848,-2.4925
46.17,-4.0589,9.507,-1.5255
46.2,-3.7592,9.003,-0.57205
46.23,-2.1384,8.0769,-0.53119
46.26,-0.69464,7.4367,-0.8036
46.29,-1.0351,7.3141,-1.5255
46.32,-2.3699,6.8919,-1.3076
46.35,-3.6366,6.4424,-0.61292
46.38,-4.522,6.7421,0.14982
46.41,-4.8625,7.1234,0.61292
46.44,-4.9442,7.7772,0.23155
46.47,-4.985,9.0439,0.19068
46.5,-4.985,10.692,-0
46.53,-5.203,11.795,0.23155
46.56,-6.0883,11.754,0.95342
46.59,-6.4016,12.572,0.61292
46.62,-3.909,12.068,-0.42223
46.653,-1.757,9.7658,-0.91256
46.69,-0.84446,7.6955,-0.42223
46.72,-1.076,9.1529,-1.0351
46.75,-1.2258,10.42,-3.2961
46.78,-1.7298,9.3844,-4.9033
46.81,-2.7922,7.8589,-3.3642
46.84,-3.6366,7.1234,-1.1169
46.87,-3.6366,6.8238,1.2258
46.9,-2.6423,7.1234,1.2667
46.93,-2.9829,7.1643,0.34051
46.96,-3.9499,7.1643,1.4982
46.99,-4.018,7.0553,-0.34051
47.02,-4.0589,7.5865,-0.27241
47.05,-4.4402,9.0848,-0.19068
47.08,-5.7886,11.032,-0.42223
47.11,-6.851,11.141,-0.19068
47.14,-7.0145,10.61,0.34051
47.17,-5.7478,11.795,-1.4165
47.2,-3.1735,11.686,-2.3427
47.23,-1.3076,10.42,-2.0294
47.26,-0.61292,8.6898,-2.7922
47.29,-2.5334,8.4991,-2.1112
47.32,-4.0589,9.5342,-1.0351
47.35,-3.6775,10.12,-1.3076
47.38,-1.9886,8.8124,-1.2667
47.41,-0.84446,7.8862,-0.65378
47.44,-1.076,7.7772,-0.69464
47.47,-2.6423,7.0826,-0.61292
47.5,-4.018,6.2381,-0.76274
47.53,-5.0531,6.2381,0.040861
47.56,-5.0531,6.7421,0.57205
47.59,-4.1814,7.2733,0.31327
47.62,-3.7592,8.1177,0.53119
47.65,-4.1814,9.5342,-0.081722
47.68,-5.2847,11.032,-0.14982
47.71,-6.0883,11.605,0.57205
47.74,-7.0826,11.795,0.8036
47.77,-5.4345,12.681,0.53119
47.8,-2.4517,11.346,-0.65378
47.83,-0.88532,9.3436,-0.8036
47.86,-0.19068,7.8589,-0.42223
47.89,-0.72188,9.3844,-0.95342
47.92,-0.38137,11.223,-3.4051
47.95,-0.95342,9.6977,-4.9033
47.98,-2.5606,7.6274,-2.9556
48.01,-3.9499,6.3607,-0.14982
48.04,-4.0997,6.4424,0.72188
48.07,-3.9499,6.7012,0.61292
48.1,-4.2087,7.0145,2.2201
48.13,-3.8273,7.1643,0.76274
48.16,-3.1463,7.4367,-0.65378
48.19,-3.7184,7.9679,-0.27241
48.22,-4.1406,9.8884,-0.57205
48.25,-5.6252,12.149,-0.46309
48.28,-6.9736,12.299,0.38137
48.31,-6.8238,12.449,-0.99429
48.34,-4.2495,12.64,-2.1112
48.37,-1.7298,11.305,-1.9205
48.4,-0.65378,8.7306,-2.6015
48.43,-1.3076,7.464,-2.9556
48.46,-2.8739,7.9679,-3.2961
48.49,-3.9771,9.1529,-2.4517
48.52,-3.8682,8.9622,-1.2258
48.55,-2.9556,8.2403,-0.29965
48.58,-1.9205,8.0769,0.19068
48.61,-1.2667,7.7364,-0.76274
48.64,-2.3427,7.2052,-1.2667
48.67,-3.5685,6.5922,-0.91256
48.7,-4.4811,6.4424,-0.040861
48.73,-4.5901,7.1234,-0.38137
48.76,-4.1814,7.8181,-0.14982
48.79,-3.9499,9.1529,0.23155
48.82,-4.4811,10.992,-0.38137
48.85,-5.6661,11.836,-0.10896
48.88,-6.7829,12.068,0.53119
48.91,-6.2109,12.953,0.42223
48.94,-3.2144,12.258,-0.38137
48.97,-0.69464,9.7658,-1.076
49,0.27241,8.0088,-0.91256
49.03,-0.42223,8.8941,-0.91256
49.06,-1.8796,10.038,-2.5334
49.09,-2.4108,9.112,-3.909
49.12,-2.9829,7.5457,-2.9829
49.15,-2.4517,6.6604,-2.3699
49.18,-2.4925,6.6604,-0.42223
49.21,-2.7922,7.3141,0.92618
49.24,-4.1814,7.0826,1.4165
49.27,-5.094,6.8238,2.1112
49.3,-3.1463,7.5865,0.14982
49.33,-2.7513,8.0769,-1.0351
49.36,-4.8216,9.507,-0.84446
49.39,-6.2381,11.645,-0.50395
49.42,-6.8238,11.536,-0.040861
49.45,-7.4367,10.801,-0.53119
49.48,-4.9033,11.877,-2.6015
49.51,-1.6889,11.455,-2.6015
49.54,-0.53119,10.229,-2.261
49.57,-0.84446,8.7715,-3.1054
49.6,-2.7241,9.112,-3.6366
49.63,-4.5628,9.616,-2.4108
49.66,-4.6718,8.6898,-0.46309
49.69,-2.7922,7.927,-0.14982
49.72,-0.76274,7.6683,-0.69464
49.75,-0.53119,7.1643,-1.6481
49.78,-2.4108,6.8919,-0.91256
49.81,-4.2904,6.3198,-0.23155
49.84,-5.0123,6.2109,0.38137
49.87,-4.9442,6.5105,0.57205
49.9,-4.4811,7.7364,-0.14982
49.93,-4.5628,9.8884,-0.23155
49.96,-4.9033,12.068,-0.29965
49.99,-5.9385,11.986,-0.23155
50.02,-7.7364,12.299,0.46309
50.05,-5.6661,12.408,0.42223
50.08,-1.3076,10.46,-0.84446
50.11,0.10896,8.54,-1.3348
50.14,-0.27241,8.3901,-0.72188
50.17,-1.6481,10.992,-1.0351
50.2,-1.8387,11.605,-3.4868
50.23,-2.1112,8.9213,-4.5901
50.26,-2.7241,7.4367,-2.833
50.29,-3.8273,6.0883,-0.040861
50.32,-3.9499,5.8295,0.92618
50.35,-3.6775,5.9793,0.76274
50.38,-3.7865,6.5514,2.1112
50.41,-3.7592,6.4697,0.27241
50.44,-3.337,6.9328,-0.57205
50.47,-3.9499,8.54,-0.29965
50.5,-4.985,11.414,-0.61292
50.53,-6.9736,12.49,0.38137
50.56,-8.0088,11.073,0.31327
50.59,-6.851,11.727,-2.1112
50.62,-3.2553,12.027,-3.1463
50.65,-1.3076,11.223,-1.9205
50.68,-0.69464,9.112,-2.1793
50.71,-2.1112,7.8589,-3.2144
50.74,-4.2495,8.8532,-3.1735
50.77,-4.6718,9.5751,-1.757
50.8,-3.3642,8.8124,-0.76274
50.83,-1.3348,8.0088,-0.42223
50.86,-0.50395,7.5048,-0.91256
50.89,-1.4982,6.7421,-1.4165
50.92,-3.4459,6.6604,-0.53119
50.95,-4.985,6.279,0.19068
50.98,-5.3256,6.4697,0.31327
51.01,-4.7535,7.0553,-0.040861
51.04,-4.3994,8.3901,-0.14982
51.07,-4.6718,10.338,-0.19068
51.1,-5.0531,11.986,-0.23155
51.13,-5.9385,11.686,0.10896
51.16,-7.246,11.536,1.076
51.19,-5.6252,12.912,0.14982
51.22,-1.3757,12.149,-1.1169
51.25,0.65378,9.3436,-0.65378
51.28,0.23155,8.2812,-0.57205
51.31,-0.95342,9.6977,-1.9205
51.34,-1.5663,9.6977,-4.985
51.37,-2.5606,7.7772,-5.5571
51.4,-3.1054,7.0145,-2.9148
51.43,-3.6775,6.7829,0.61292
51.46,-3.7865,7.2052,1.8796
51.508,-4.2495,7.0826,1.5663
51.54,-2.5606,7.3141,-0.38137
51.57,-3.2961,7.4367,-0.69464
51.6,-4.0997,8.0088,0.14982
51.63,-4.3313,9.507,-0.69464
51.66,-5.6661,11.727,-0.8036
51.69,-6.7012,11.836,0.38137
51.72,-6.9736,11.073,-0.46309
51.75,-4.3721,11.918,-2.6423
51.78,-1.5663,11.346,-2.7241
51.81,-0.23155,9.9973,-2.5606
51.84,-0.61292,9.2346,-3.5277
51.87,-2.7922,10.27,-3.5685
51.9,-4.3994,10.229,-2.0703
51.93,-4.2904,8.8124,-0.081722
51.96,-2.261,7.6683,-0.10896
51.99,-0.57205,7.1643,-0.99429
52.02,-1.1441,6.7829,-1.4165
52.05,-2.9148,6.5514,-0.53119
52.08,-3.7592,6.0883,-0.29965
52.11,-4.2904,6.279,-0
52.14,-4.5628,6.7421,0.081722
52.17,-4.2904,8.0496,-0.29965
52.2,-4.0589,10.147,-0.38137
52.23,-4.1814,12.367,-0.38137
52.26,-5.4754,12.531,-0.27241
52.29,-7.464,12.449,0.95342
52.32,-5.3664,12.572,0.38137
52.35,-1.5663,11.182,-0.84446
52.38,0.27241,8.9213,-1.1169
52.41,0.38137,7.9679,-0.99429
52.44,-0.65378,9.5342,-1.6481
52.47,-1.8387,10.501,-4.7944
52.5,-3.1463,8.9622,-5.7478
52.53,-3.2144,7.7364,-2.9556
52.56,-3.3642,7.0145,0.10896
52.59,-2.9829,7.0826,1.3348
52.62,-3.2961,6.7829,0.53119
52.65,-3.337,6.7829,1.1441
52.68,-2.4108,7.2733,-0.38137
52.71,-2.6832,7.246,-1.1441
52.74,-3.8273,7.6274,-0.50395
52.77,-4.522,9.7658,-0.65378
52.8,-5.8976,11.795,-0.8036
52.83,-7.0826,11.754,-0.23155
52.86,-6.9736,11.455,-1.4982
52.89,-4.018,12.108,-3.4868
52.92,-1.3757,11.414,-2.3427
52.95,-0.46309,9.8475,-1.8796
52.98,-1.1441,8.6217,-2.4517
53.01,-2.9556,8.8941,-2.9148
53.04,-4.0997,9.616,-2.6015
53.07,-3.8682,8.9213,-1.2667
53.1,-2.3427,7.7364,-0.57205
53.13,-0.84446,7.2052,-0.95342
53.16,-0.69464,6.9328,-1.7979
53.19,-2.3018,6.851,-1.3348
53.22,-4.1814,6.4016,-0.29965
53.25,-5.1349,6.4016,0.46309
53.28,-4.985,6.851,0.19068
53.31,-4.3994,7.8181,-0.34051
53.34,-4.0997,9.3027,-0.34051
53.37,-4.6718,11.223,-0.23155
53.4,-5.6252,12.721,-0.29965
53.43,-6.6604,13.866,-0.88532
53.46,-5.2847,14.519,-0.34051
53.49,-2.5334,12.34,-0.76274
53.52,-0.42223,8.2812,-1.2667
53.55,0.42223,6.7829,-1.4574
53.58,-0.19068,8.1177,-1.7979
53.61,-1.076,9.7249,-4.6718
53.64,-1.5663,9.4661,-5.2847
53.67,-1.5255,8.6898,-1.9205
53.7,-2.1793,8.0088,0.46309
53.73,-3.1463,7.5048,0.69464
53.76,-3.6366,6.9736,0.53119
53.79,-3.2961,7.0826,0.46309
53.82,-3.0237,6.8238,-0.8036
53.85,-3.2553,6.7012,-0.88532
53.88,-3.3642,7.0145,-0.34051
53.91,-4.3313,8.6625,-0.29965
53.94,-5.4754,11.182,-0.84446
53.97,-6.6604,12.068,-0.10896
54,-6.6604,11.959,0.040861
54.03,-4.7535,12.762,-2.7922
54.06,-2.0294,11.795,-2.6832
54.09,-1.1169,10.379,-2.2201
54.12,-1.6889,8.8532,-2.3427
54.15,-3.1735,9.003,-2.6832
54.18,-3.5277,9.8884,-2.9148
54.21,-2.4925,9.1937,-3.0646
54.24,-2.1384,7.5048,-1.5255
54.27,-2.1384,6.7012,-0.14982
54.3,-1.9477,6.6604,-0.50395
54.33,-2.6832,7.0826,-1.5255
54.36,-3.7184,7.1643,-0.84446
54.39,-4.6718,6.5922,0.10896
54.42,-5.0531,6.5514,0.19068
54.45,-4.4402,7.2052,-0.29965
54.48,-3.9771,8.54,-0.57205
54.51,-4.1814,10.27,-0.34051
54.54,-5.0123,11.959,-0.14982
54.57,-7.1234,11.795,-0.23155
54.6,-8.0769,12.79,0.27241
54.63,-3.5277,12.762,-0.34051
54.66,-0.10896,10.27,-1.3757
54.69,0.57205,8.1177,-1.3348
54.72,0.081722,8.1995,-1.5255
54.75,-0.19068,10.569,-4.0997
54.78,-0.53119,9.8475,-6.1292
54.81,-2.833,8.4719,-3.3642
54.84,-5.203,6.9328,0.65378
54.87,-4.9442,6.5105,2.5606
54.9,-3.0646,7.246,1.0351
54.93,-2.3018,7.355,0.040861
54.96,-2.5334,7.246,-1.1169
54.99,-3.4051,7.1234,-0.50395
55.02,-3.4868,7.3958,0.10896
55.05,-3.9771,8.54,0.23155
55.08,-4.9033,11.073,-0.8036
55.11,-6.5514,12.681,-0.38137
55.14,-7.355,12.217,0.19068
55.17,-5.6661,13.062,-1.7979
55.2,-2.6832,12.449,-2.7241
55.23,-1.1441,9.8475,-2.9556
55.26,-0.99429,7.6955,-3.2144
55.29,-2.1112,7.927,-3.4051
55.32,-3.9499,9.2755,-3.0646
55.35,-4.522,9.5751,-1.5255
55.38,-2.7922,8.3084,-0.29965
55.41,-1.1169,7.8862,-0.27241
55.44,-1.076,7.4367,-1.4574
55.47,-2.7513,7.0145,-1.0351
55.5,-4.5901,6.3607,-0.10896
55.53,-4.985,6.0202,0.040861
55.56,-3.8682,6.5105,-0.19068
55.59,-3.4459,7.246,-0.65378
55.62,-4.018,8.6898,-0.50395
55.65,-4.5901,10.951,-0.27241
55.68,-5.3256,12.068,-0.8036
55.71,-7.2733,11.686,0.31327
55.74,-7.6955,12.299,0.99429
55.77,-4.1814,12.49,-0.69464
55.8,-1.185,10.842,-1.3348
55.83,-0,8.0496,-1.076
55.86,-0.27241,7.5865,-0.99429
55.89,-0.88532,9.8884,-1.5255
55.92,-1.0351,10.501,-4.7126
55.95,-1.757,8.4991,-5.1757
55.98,-3.337,7.2052,-2.3699
56.01,-4.2087,6.5922,0.57205
56.04,-4.2087,7.0553,1.4574
56.07,-4.0997,7.2052,1.9477
56.1,-3.1735,7.3958,1.1169
56.13,-2.4517,7.3141,-0.72188
56.16,-3.4868,7.0553,-0.42223
56.19,-4.1406,7.7364,0.081722
56.22,-4.5901,10.147,-0.50395
56.25,-6.2381,11.564,-0.14982
56.28,-6.9736,10.951,0.10896
56.31,-6.17,11.536,-1.3076
56.34,-3.5277,12.449,-2.6015
56.37,-1.3348,11.645,-2.1112
56.4,-0.50395,9.616,-1.757
56.43,-1.1169,8.7715,-2.6832
56.46,-3.0646,9.8066,-3.1735
56.49,-4.2087,10.147,-2.6015
56.52,-3.7865,8.9622,-1.076
56.55,-2.6423,8.0496,-0.27241
56.58,-1.5255,7.355,-0.040861
56.61,-1.3348,6.851,-1.1441
56.64,-2.6015,6.5922,-0.91256
56.67,-4.0589,6.4016,0.14982
56.7,-4.3721,6.3198,0.040861
56.73,-4.2087,6.5922,-0.14982
56.76,-4.1814,7.7772,-0.29965
56.79,-4.1814,9.4661,-0.34051
56.82,-4.3721,11.727,-0.34051
56.85,-4.9442,12.177,-0.38137
56.88,-7.246,12.027,0.88532
56.91,-6.8238,12.871,0.76274
56.94,-2.6423,11.605,-0.65378
56.97,-0.29965,9.0848,-1.076
57,0.040861,7.6274,-0.99429
57.03,-1.3076,9.2346,-1.0351
57.06,-2.3427,10.924,-2.3018
57.09,-2.6832,9.507,-4.0589
57.12,-2.9556,7.5457,-3.9499
57.15,-3.1735,6.2109,-2.3018
57.18,-3.5685,6.279,0.040861
57.21,-3.337,7.1234,1.6481
57.24,-3.3642,7.246,1.6481
57.27,-3.7865,7.2733,1.8796
57.3,-3.0646,7.246,-0.14982
57.33,-3.4868,7.5457,-0.72188
57.36,-4.8625,9.507,-0.61292
57.39,-5.8567,11.754,-0.57205
57.42,-6.7829,11.536,-0.14982
57.45,-7.7364,10.692,-0.50395
57.48,-4.9033,12.177,-2.6832
57.511,-1.185,12.177,-2.5606
57.54,-0.19068,10.569,-1.757
57.571,-0.65378,8.7715,-2.4925
57.6,-2.4517,9.7249,-3.1735
57.69,-1.076,7.355,-2.1793
57.72,-2.1112,6.9736,-1.185
57.75,-3.1463,6.6604,-0.91256
57.78,-3.6775,6.9736,-0.61292
57.81,-4.1406,7.2733,-0.040861
57.84,-4.9033,8.3901,0.76274
57.87,-5.8567,9.8475,0.76274
57.9,-6.1292,11.032,-0.46309
57.93,-5.7478,11.986,1.3348
57.96,-5.7886,12.721,1.4982
57.99,-4.4811,12.79,-0.34051
58.02,-2.1793,10.951,-0.99429
58.05,-0.50395,8.5808,-0.8036
58.08,-0.42223,7.9679,-0.27241
58.11,-1.6481,10.338,-1.3348
58.14,-0.14982,11.223,-6.2109
58.17,-0.57205,9.003,-5.6252
58.2,-2.6015,7.3958,-2.4517
58.23,-4.1406,6.4016,0.38137
58.26,-4.8625,6.6604,1.7298
58.29,-3.8682,6.9736,1.4165
58.32,-2.9148,7.0145,1.076
58.35,-2.8739,6.5514,0.040861
58.38,-3.1463,6.5105,0.081722
58.41,-3.5277,7.5457,0.53119
58.44,-4.2904,10.338,-0.57205
58.47,-6.3198,12.599,-0.95342
58.5,-7.927,12.258,0.34051
58.53,-8.0088,11.305,-0.10896
58.56,-3.909,12.599,-3.0237
58.59,-2.1384,11.114,-2.2201
58.62,-0.95342,9.1529,-1.7298
58.65,-0.61292,8.2812,-2.3699
58.68,-2.261,9.3027,-3.1463
58.71,-3.8682,10.27,-2.1384
58.74,-3.8682,9.112,-0.61292
58.77,-2.5606,7.7772,-0.19068
58.8,-1.4165,7.1643,0.14982
58.83,-2.0294,6.5922,-0.57205
58.86,-3.0237,6.4424,-1.076
58.89,-3.3642,6.6604,-0.69464
58.92,-3.1735,6.8238,-0.57205
58.95,-2.8739,7.0826,-0.91256
58.98,-3.3642,8.1995,-0.84446
59.01,-5.1757,9.507,0.081722
59.04,-6.7421,10.61,0.31327
59.07,-7.1643,11.073,1.3076
59.1,-7.2733,12.149,1.4982
59.13,-5.0123,13.906,0.38137
59.16,-1.7979,11.414,-0.50395
59.19,-0.29965,8.1995,-0.84446
59.22,-0.14982,8.2812,-0.88532
59.25,0.34051,10.883,-4.3721
59.28,0.46309,10.501,-5.9385
59.31,-1.6072,8.8532,-3.8682
59.34,-4.9033,7.4367,-1.1441
59.37,-6.0883,6.0202,2.3427
59.4,-3.4868,6.3198,1.0351
59.43,-1.2667,7.246,0.61292
59.46,-2.833,6.851,0.38137
59.49,-3.2961,6.9736,-0.14982
59.52,-3.3642,7.5048,0.19068
59.55,-3.4051,8.3493,0.081722
59.58,-4.1814,10.46,-0.99429
59.61,-5.8567,11.959,-0.99429
59.64,-7.1234,11.073,-0
59.67,-5.2438,12.108,-1.9886
59.7,-1.4982,13.375,-4.0997
59.73,-0.69464,11.686,-2.2201
59.76,-0.65378,9.2755,-1.7979
59.79,-2.5334,8.7715,-2.9148
59.82,-4.2495,9.6977,-2.5606
59.85,-3.5685,9.1937,-1.5663
59.88,-1.9205,8.0088,-0.84446
59.91,-0.57205,7.1234,-0.46309
59.94,-0.99429,6.5922,-0.72188
59.97,-2.0703,6.6331,-1.4574
60,-2.7513,6.6604,-1.6072
60.03,-2.9148,6.851,-1.4165
60.08,-3.2144,7.1643,-1.0351
60.11,-4.0589,8.3084,-0.50395
60.14,-4.4402,10.188,-0.91256
60.17,-4.7944,12.177,-0.95342
60.2,-5.9385,12.108,-0.29965
60.232,-5.8567,13.062,-0.10896
60.27,-2.261,13.144,-1.3076
60.3,-0.040861,9.2755,-1.2667
60.33,0.65378,7.927,-1.1169
60.36,0.84446,9.1529,-1.4165
60.39,-0.23155,10.842,-2.9829
60.42,-2.6015,10.229,-2.8739
60.45,-3.5958,8.1586,-1.3348
60.48,-2.6832,6.5105,-0.72188
60.51,-1.6481,6.7012,-0.91256
60.54,-2.5606,6.6604,0.040861
60.57,-3.0237,6.6331,0.34051
60.6,-2.3699,6.851,-0.23155
60.63,-2.7922,7.1234,-0.14982
60.66,-2.9829,7.7364,0.081722
60.69,-3.2144,9.4661,-0.46309
60.72,-4.2495,12.108,-1.076
60.75,-5.5162,12.83,-1.1169
60.78,-7.3958,11.373,0.53119
60.81,-5.5162,12.49,-1.3348
60.84,-0.61292,12.871,-2.9829
60.87,0.46309,10.76,-2.6015
60.9,-0.61292,8.3084,-1.4982
60.93,-2.4517,7.8181,-2.1384
60.96,-3.5958,9.1529,-2.4108
61,-3.2144,9.4661,-1.757
61.03,-2.3427,8.6217,-1.1441
61.06,-1.6481,7.8181,-0.88532
61.09,-1.7298,7.246,-1.7298
61.12,-1.9886,7.2052,-2.3427
61.15,-2.2201,7.0826,-2.1793
61.18,-2.5606,6.9736,-1.2258
61.21,-2.9556,6.8919,-0.42223
61.24,-3.5277,7.2052,-0.081722
61.27,-3.9771,8.1995,-0.10896
61.3,-4.3313,9.9973,-1.2258
61.33,-4.8216,11.727,-1.4574
61.36,-6.17,12.108,-0.69464
61.39,-5.598,14.056,-0.57205
61.42,-3.7865,13.443,-1.3076
61.45,-1.4574,10.147,-2.3427
61.48,0.19068,7.355,-2.1384
61.51,0.61292,7.2733,-1.4574
61.54,-0.10896,9.7249,-2.1793
61.57,-1.7298,10.569,-2.6015
61.6,-2.9148,9.0848,-2.0703
61.63,-2.9829,7.246,-1.2258
61.66,-2.4108,7.1234,-0.8036
61.69,-2.6015,7.246,-0.23155
61.72,-3.1463,7.4367,0.040861
61.75,-2.7922,7.6274,-0.46309
61.78,-2.7241,7.6683,-0.29965
61.81,-2.5606,7.5048,-0.27241
61.84,-2.4108,7.7364,-0.34051
61.87,-3.2144,9.2755,-0.65378
61.9,-5.1757,11.727,-0.95342
61.93,-6.6604,12.258,0.14982
61.96,-7.7772,10.692,0.53119
61.99,-4.8216,11.795,-2.3018
62.02,-1.1441,11.986,-3.5277
62.05,-0.53119,9.9156,-2.3699
62.08,-0.46309,8.2812,-1.6889
62.11,-2.1112,8.0769,-2.8739
62.14,-3.7184,9.616,-2.7922
62.17,-3.5685,9.8066,-1.9477
62.2,-2.6832,8.54,-1.2667
62.23,-1.7979,7.1643,-0.34051
62.26,-1.3757,6.5514,-0.76274
62.29,-2.0294,6.7829,-1.3757
62.32,-2.9556,6.7421,-1.4982
62.35,-3.1735,6.7012,-1.185
62.38,-3.2144,7.1234,-1.0351
62.41,-4.0589,7.8181,-0.84446
62.44,-4.9442,8.8941,-0.61292
62.47,-5.1349,10.529,-0.99429
62.5,-5.0531,11.877,-1.2258
62.53,-5.9385,11.496,-0.69464
62.56,-4.7944,12.912,-1.1441
62.59,-2.1384,12.83,-2.1793
62.62,-0.50395,9.9973,-1.2667
62.65,-0.27241,7.8862,-0.46309
62.68,-0.95342,8.6898,-0.34051
62.71,-0.76274,10.529,-2.7513
62.74,-1.4165,10.529,-4.018
62.77,-1.9477,8.4719,-2.9829
62.8,-3.337,6.851,-1.757
62.83,-4.2904,6.17,-0.38137
62.86,-3.5958,6.9328,0.92618
62.89,-2.7241,7.0145,0.42223
62.92,-2.7513,6.7829,-0.34051
62.95,-2.8739,6.8238,-0.50395
62.98,-3.0237,7.2052,-0.14982
63.01,-3.7865,9.2346,-0.42223
63.04,-5.4754,12.068,-1.2258
63.07,-7.0145,12.408,-0.42223
63.1,-6.2381,12.681,-1.3757
63.13,-2.9556,13.443,-3.8273
63.16,-0.88532,12.068,-2.9148
63.19,-0.19068,9.112,-1.1441
63.22,-2.261,7.8181,-2.2201
63.25,-3.9499,9.112,-2.6423
63.28,-3.2553,9.4661,-2.5334
63.31,-2.261,8.8532,-2.0703
63.34,-1.6072,8.3901,-0.53119
63.37,-1.3348,7.5048,0.19068
63.45,-2.9556,6.8238,-2.1112
63.48,-3.1735,6.851,-1.3348
63.51,-3.3642,7.0145,-0.29965
63.54,-3.9499,7.246,0.10896
63.63,-2.6015,6.279,-0.65378
63.66,-4.8216,5.8976,-0.29965
63.69,-4.7944,5.9793,-0.040861
63.72,-3.909,6.6331,-0.53119
63.75,-3.7592,7.7772,-0.84446
63.78,-4.6309,9.112,-0.38137
63.81,-5.2847,10.842,-0
63.84,-5.7478,11.346,-0.081722
63.87,-7.4367,11.536,0.46309
63.9,-5.2847,13.144,-0.10896
63.93,-1.3757,11.986,-1.4165
63.96,0.081722,9.3436,-1.4982
63.99,0.081722,8.1586,-1.7979
64.02,-1.2667,9.9973,-2.7513
64.05,-1.9886,11.455,-5.9385
64.08,-2.5606,9.616,-4.5901
64.11,-3.337,7.5865,-0.53119
64.14,-3.9771,6.4697,1.6072
64.17,-4.6309,5.8567,1.6481
64.2,-2.9556,5.9793,0.88532
64.23,-1.7979,6.279,-0.65378
64.26,-2.9148,6.5105,-0.38137
64.29,-3.2961,7.0826,0.34051
64.32,-3.337,8.3901,0.081722
64.35,-4.7535,10.842,-0.76274
64.38,-6.4016,12.068,-0.29965
64.41,-7.2052,11.496,-0.27241
64.44,-6.2109,12.149,-1.9477
64.47,-3.2144,11.727,-2.6832
64.5,-1.185,10.12,-2.0703
64.53,-1.0351,8.4719,-2.7241
64.56,-2.9148,9.003,-3.6366
64.59,-4.985,9.9156,-3.5277
64.62,-5.0123,9.112,-1.3076
64.65,-2.8739,8.2812,-0.34051
64.68,-0.72188,7.2733,-0.23155
64.71,-0.34051,6.7421,-0.99429
64.74,-1.9886,6.279,-0.95342
64.77,-4.1814,5.9385,-0.27241
64.8,-5.2847,5.8976,-0
64.83,-5.0123,6.3607,-0.14982
64.86,-4.6718,7.3141,-0.38137
64.89,-5.203,8.8532,0.14982
64.92,-5.0531,10.951,0.19068
64.95,-5.6252,11.564,0.38137
64.98,-7.246,10.651,0.84446
65.01,-6.5105,12.34,0.34051
65.04,-2.6015,12.217,-0.99429
65.07,-0.46309,10.46,-1.5663
65.1,-0.29965,8.9622,-1.6072
65.13,-1.0351,8.7306,-1.8387
65.16,-1.6481,10.883,-3.6775
65.19,-1.9477,9.9973,-6.0474
65.22,-3.7865,7.6274,-3.3642
65.25,-4.7535,6.2381,1.8796
65.28,-4.5628,6.0474,3.1054
65.31,-3.5958,6.0202,2.1793
65.34,-1.9477,6.17,-0.040861
65.37,-2.6832,6.4697,-0.57205
65.4,-3.6775,7.0553,0.34051
65.43,-3.8273,8.0088,0.76274
65.46,-4.5901,9.8066,0.14982
65.49,-6.1292,11.795,0.040861
65.52,-6.851,11.536,0.53119
65.55,-7.3141,11.605,-0.42223
65.58,-4.9033,12.599,-2.5334
65.61,-2.1112,11.414,-2.4517
65.64,-1.1441,9.1529,-2.1384
65.67,-1.757,7.8862,-2.7513
65.7,-3.337,9.003,-3.7184
65.73,-4.8216,9.3844,-2.4517
65.76,-4.2087,8.5808,-0.38137
65.79,-1.7298,8.1177,0.34051
65.82,-0.57205,7.355,0.040861
65.85,-1.7979,6.7829,-0.53119
65.88,-4.018,6.2381,-0.50395
65.91,-5.2847,6.0474,-0.23155
65.94,-5.0123,6.279,-0.34051
65.97,-4.1406,6.8238,-0.76274
66,-4.7944,7.7364,0.040861
66.03,-5.3664,9.003,0.72188
66.06,-4.9442,10.651,0.34051
66.09,-6.1292,10.733,0.27241
66.12,-7.5457,11.073,0.50395
66.15,-5.2847,13.144,-0.53119
66.18,-1.6889,11.836,-1.7298
66.21,-0.50395,9.7249,-1.6889
66.24,-0.65378,8.8124,-1.5663
66.27,-1.4574,10.61,-2.4517
66.3,-1.7979,11.264,-4.9442
66.33,-2.5334,8.8941,-4.5628
66.36,-4.0589,6.9736,-0.99429
66.39,-5.094,5.8976,1.6481
66.42,-4.4811,5.8567,1.7979
66.45,-2.8739,6.2381,1.076
66.48,-2.3427,6.2109,-0.38137
66.51,-3.337,6.6331,-0.27241
66.54,-3.8273,7.5457,0.27241
66.57,-4.0589,8.5808,0.46309
66.6,-4.985,10.42,-0.081722
66.63,-6.4697,11.795,-0.081722
66.66,-6.9328,11.141,-0.19068
66.69,-6.17,11.877,-1.9477
66.72,-3.0646,10.801,-2.8739
66.75,-0.99429,9.8475,-2.261
66.78,-1.2258,9.0439,-2.4108
66.81,-2.9148,9.2755,-2.9829
66.84,-4.8625,9.9973,-3.2961
66.87,-4.9033,9.507,-1.3757
66.9,-2.9556,8.6625,-0.29965
66.93,-0.99429,7.7772,-0.23155
66.96,-0.84446,7.1234,-0.72188
66.99,-2.3018,6.279,-0.53119
67.02,-3.8273,5.8976,-0.10896
67.05,-4.3994,5.8976,-0.19068
67.08,-4.2087,6.279,-0.53119
67.11,-4.3313,7.1643,-0.50395
67.14,-5.0531,8.3901,0.10896
67.17,-5.094,10.229,0.14982
67.2,-5.3664,11.373,-0.42223
67.23,-7.8181,11.032,0.27241
67.26,-7.0417,12.79,0.34051
67.29,-2.5606,12.912,-1.0351
67.32,-0.84446,10.188,-1.6481
67.35,-0.42223,8.1177,-1.6072
67.38,-0.8036,9.003,-1.6889
67.41,-1.1441,10.76,-3.9499
67.44,-1.4165,9.5342,-4.7944
67.47,-3.0237,7.8181,-2.1384
67.5,-4.1814,6.4424,0.50395
67.53,-4.1814,6.2109,1.2258
67.56,-3.5958,6.4016,1.3076
67.59,-2.7922,6.7012,0.53119
67.62,-2.6423,6.8919,-0.29965
67.65,-3.1463,7.246,-0.38137
67.68,-3.7865,7.927,0.34051
67.71,-4.522,9.7658,-0
67.74,-5.7069,11.564,-0.19068
67.77,-6.4697,11.223,0.040861
67.8,-6.9736,10.992,-0.50395
67.83,-4.3313,11.836,-2.6015
67.86,-1.757,11.455,-2.261
67.89,-1.0351,10.079,-1.9205
67.92,-1.6481,8.54,-2.833
67.95,-3.8273,9.112,-3.8682
67.98,-5.3664,9.4253,-2.5606
68.01,-4.0589,8.7306,-0.69464
68.04,-1.4574,8.1177,-0.081722
68.07,-0.19068,7.2733,-0.10896
68.1,-0.99429,6.7012,-0.65378
68.13,-3.0237,6.4016,-0.46309
68.16,-4.5628,6.0202,-0.23155
68.19,-4.8216,6.2381,-0.42223
68.22,-4.3994,6.9736,-0.72188
68.25,-4.7126,7.9679,-0.34051
68.28,-5.3664,9.1529,0.31327
68.31,-5.4073,10.651,0.42223
68.34,-6.17,11.223,0.46309
68.37,-7.0417,12.177,0.19068
68.4,-4.522,14.015,-0.69464
68.43,-1.5663,12.217,-1.757
68.46,-0.65378,8.6898,-2.0703
68.49,-0.91256,7.5865,-2.261
68.52,-1.7298,9.616,-3.0237
68.55,-2.3699,10.529,-4.8625
68.58,-2.6832,8.8532,-3.4868
68.61,-2.4517,7.3958,-1.076
68.64,-3.2144,6.5105,0.76274
68.67,-4.8625,5.7886,1.757
68.7,-3.5685,6.4424,1.1169
68.73,-1.9886,6.8238,-0.57205
68.76,-2.9829,6.7421,-0.34051
68.79,-3.7592,7.1643,0.31327
68.82,-4.018,8.3901,0.34051
68.85,-4.9442,10.529,-0.57205
68.88,-6.7421,12.027,-0.23155
68.91,-7.1234,11.727,0.040861
68.94,-5.9385,12.177,-1.757
68.97,-3.0646,12.108,-3.0237
69.05,-1.757,7.7364,-2.9148
69.08,-3.6366,9.3027,-3.5685
69.11,-4.4402,9.9156,-2.8739
69.14,-3.5958,9.003,-1.0351
69.207,-1.6072,8.1586,0.38137
69.26,-0.57205,6.8238,-0.27241
69.29,-1.7298,6.0883,-0.19068
69.32,-3.7184,5.7069,0.46309
69.35,-4.7535,5.7069,0.27241
69.38,-4.0589,6.5105,-0.10896
69.41,-3.5958,7.7364,-0.50395
69.44,-4.7944,9.4253,-0.14982
69.47,-5.4754,11.182,-0.040861
69.5,-5.7886,11.754,-0.38137
69.53,-7.6955,12.449,0.23155
69.56,-5.8976,13.593,0.76274
69.59,-2.3427,12.027,-0.42223
69.62,-1.1169,9.616,-0.42223
69.65,-1.076,8.9622,-0.081722
69.68,-0.46309,10.46,-1.5255
69.71,-0.23155,10.338,-4.8216
69.74,-1.3076,7.8181,-4.9033
69.77,-2.4108,6.1292,-2.7513
69.8,-3.4459,5.3256,-0.040861
69.83,-4.0589,6.2109,1.2667
69.86,-5.0123,6.5922,2.5334
69.89,-4.7126,6.7012,2.7922
69.92,-3.1735,7.0553,-0.081722
69.95,-3.7865,8.0088,0.23155
69.98,-4.3994,9.616,0.19068
70.02,-5.8567,11.836,-0.27241
70.05,-7.5865,11.114,0.99429
70.08,-6.851,10.801,-0.50395
70.11,-2.3427,11.959,-3.0646
70.14,-0.91256,11.114,-1.8796
70.17,-1.0351,9.9565,-1.6481
70.2,-2.1793,9.507,-3.1735
70.23,-4.2087,10.501,-3.2961
70.26,-4.4402,9.9565,-1.4982
70.3,-2.7241,8.2403,0.19068
70.33,-0.61292,6.9328,-0.10896
70.36,-0.84446,6.2109,-0.53119
70.39,-2.4517,6.2109,-0.76274
70.42,-4.0997,6.0883,0.14982
70.45,-4.985,5.8976,0.57205
70.48,-4.9033,6.4424,0.10896
70.51,-4.7126,7.7772,-0.14982
70.54,-5.094,9.616,-0.23155
70.57,-5.203,11.536,-0.23155
70.63,-3.909,6.0202,0.76274
70.66,-3.7592,6.3607,1.8387
70.69,-3.7184,6.7421,1.185
70.72,-3.4459,7.0553,0.081722
70.75,-4.0589,8.2812,0.23155
70.78,-5.0123,10.501,-0.040861
70.81,-6.4697,11.645,0.081722
70.84,-7.6274,10.842,0.50395
70.87,-7.3141,11.182,-1.1169
70.9,-3.6775,11.986,-3.2144
70.93,-1.757,10.992,-2.1384
70.96,-1.076,9.5342,-1.4165
70.99,-1.6889,8.6217,-2.1793
71.02,-3.337,9.1529,-2.9829
71.05,-4.1814,9.3844,-2.3427
71.08,-3.9499,8.3493,-0.42223
71.11,-2.1793,7.3141,0.19068
71.14,-0.50395,7.0826,-0.19068
71.17,-0.99429,6.8238,-0.53119
71.2,-2.9829,6.3607,-0.61292
71.23,-4.7944,6.4424,-0.42223
71.26,-5.203,6.6604,-0.29965
71.29,-4.9442,7.1643,-0.34051
71.32,-4.985,8.0769,0.040861
71.35,-5.3256,9.3436,0.50395
71.38,-5.1349,11.182,0.34051
71.41,-5.8976,11.373,0.14982
71.44,-7.4367,11.959,0.50395
71.47,-4.4811,12.83,-0.29965
71.5,-1.185,10.76,-1.3348
71.53,-0.29965,8.8532,-1.3348
71.56,-0.76274,8.8941,-1.3076
71.59,-1.1169,10.569,-1.7979
71.62,-0.91256,10.569,-4.5901
71.65,-1.4574,8.6625,-3.7592
71.68,-3.0646,7.0826,-1.2258
71.71,-4.0589,5.9385,0.19068
71.74,-4.3721,6.1292,0.99429
71.77,-3.9499,6.4016,1.9477
71.8,-3.2961,6.8919,1.1169
71.83,-2.9148,7.246,-0.42223
71.86,-3.5685,7.8181,-0.34051
71.89,-4.5901,9.0848,0.19068
71.92,-5.7478,10.951,0.081722
71.95,-7.1234,10.992,0.38137
71.98,-7.3958,9.9156,0.19068
72.01,-5.1349,11.073,-2.3018
72.04,-1.6481,11.414,-3.0646
72.07,-0.8036,10.46,-1.2667
72.1,-1.2667,8.9622,-1.5663
72.13,-2.8739,9.7249,-2.3699
72.16,-4.0997,10.924,-2.5334
72.19,-4.0589,10.147,-1.2667
72.22,-2.4925,8.1995,-0.57205
72.25,-0.72188,7.1234,-0.38137
72.28,-0.95342,7.0553,-0.57205
72.31,-2.0703,7.0826,-0.84446
72.34,-3.4051,6.5514,-0.46309
72.37,-4.5628,6.279,-0.10896
72.4,-4.9033,6.3607,-0.10896
72.43,-4.7126,7.2733,-0
72.46,-4.7944,8.6898,0.23155
72.49,-5.3664,9.9565,0.53119
72.52,-5.3664,10.883,0.46309
72.55,-6.2109,11.032,0.57205
72.58,-6.17,12.572,0.8036
72.61,-3.1463,12.49,-0.38137
72.64,-1.185,10.229,-1.2258
72.67,-0.8036,8.2403,-1.3348
72.715,-0.95342,8.9622,-1.5663
72.75,-0.65378,10.842,-4.3994
72.78,-1.7979,9.2755,-3.8273
72.81,-3.9771,7.6955,-0.57205
72.84,-5.0123,6.4016,1.4982
72.87,-4.5628,6.2381,0.84446
72.9,-3.2553,6.6331,1.2258
72.93,-3.3642,7.1234,0.92618
72.96,-3.6775,7.0553,0.23155
72.99,-3.9499,7.2052,0.27241
73.02,-4.2495,7.7364,0.8036
73.05,-4.5628,9.8475,0.42223
73.08,-5.5571,11.414,0.10896
73.11,-6.7012,10.46,0.50395
73.14,-7.8589,9.7249,0.10896
73.17,-5.094,11.223,-2.3699
73.2,-2.0703,11.564,-2.5606
73.23,-1.4165,10.079,-0.99429
73.26,-1.5255,8.3493,-1.3757
73.29,-2.833,8.8532,-2.4108
73.32,-3.9771,9.9565,-2.4925
73.35,-4.018,9.507,-1.076
73.38,-2.8739,8.1586,0.040861
73.41,-1.076,7.355,-0
73.44,-0.76274,7.2052,-0.50395
73.47,-2.3427,6.5105,-0.50395
73.5,-4.5901,6.0883,0.081722
73.53,-5.3664,6.3607,0.14982
73.56,-4.4402,7.2052,-0.29965
73.59,-4.3994,8.0496,-0.34051
73.62,-5.203,8.8941,0.081722
73.65,-5.6252,10.42,0.14982
73.68,-6.2109,11.373,-0
73.71,-7.3958,12.34,0.46309
73.74,-5.2438,13.402,0.57205
73.77,-1.7298,11.836,-0.91256
73.8,-0.46309,8.9622,-1.1169
73.83,-0.57205,7.9679,-0.95342
73.86,-0.57205,9.5751,-1.6889
73.89,-0.10896,10.651,-4.3313
73.92,-0.72188,9.507,-3.7592
73.95,-2.6015,7.8862,-0.76274
73.98,-3.9499,6.4697,0.38137
74.01,-3.9499,6.279,-0.040861
74.04,-3.7865,6.4424,0.88532
74.07,-3.4051,6.7421,0.88532
74.1,-3.4868,7.0145,0.69464
74.13,-3.6775,7.355,0.57205
74.16,-4.0997,8.3084,0.50395
74.19,-4.9442,10.147,0.040861
74.22,-5.8567,11.564,0.040861
74.25,-6.8238,11.073,0.69464
74.28,-6.6331,11.645,-0.53119
74.31,-3.5685,12.149,-2.6832
74.34,-1.5663,10.924,-1.9886
74.37,-0.72188,9.1937,-1.6072
74.4,-1.7979,8.9213,-2.3699
74.43,-3.6775,9.9156,-3.1054
74.46,-4.0997,9.6977,-2.7513
74.49,-3.5958,8.5808,-0.8036
74.52,-2.0294,7.7772,0.38137
74.55,-0.65378,7.2733,0.10896
74.58,-1.757,6.6331,-0.27241
74.61,-3.4051,5.9385,-0.27241
74.64,-4.3994,5.8295,-0.27241
74.67,-4.2904,6.5514,-0.34051
74.7,-4.0589,7.2733,-0.8036
74.73,-4.985,8.2812,-0.27241
74.76,-5.598,9.7249,0.23155
74.79,-5.2847,11.305,0.23155
74.82,-6.4697,11.032,0.84446
74.85,-6.851,12.572,0.88532
74.88,-3.4051,12.871,-0.38137
74.91,-1.1169,10.529,-1.2667
74.94,-0.72188,8.5808,-1.3348
74.97,-0.8036,8.7715,-1.5255
75,-0.50395,10.992,-3.1463
75.03,-0.61292,10.501,-5.0123
75.06,-2.0703,8.7715,-2.3018
75.09,-3.909,6.7829,0.14982
75.12,-4.7944,5.7886,0.84446
75.15,-4.5628,5.9385,0.50395
75.18,-3.1463,6.8238,1.4165
75.21,-3.1463,7.2052,1.0351
75.24,-3.5685,7.0145,-0
75.27,-3.5685,7.4367,-0.14982
75.3,-4.4811,9.3027,0.19068
75.33,-5.7069,11.455,0.040861
75.36,-6.6604,11.496,0.72188
75.39,-7.246,11.645,0.19068
75.42,-4.7535,12.572,-2.5334
75.45,-1.9477,11.373,-2.7513
75.48,-1.185,9.2755,-1.6072
75.51,-1.7979,8.2403,-1.7979
75.54,-3.7184,9.2755,-2.9556
75.57,-4.3994,9.5751,-3.2144
75.6,-4.018,8.6625,-1.5255
75.63,-2.9148,7.5457,-0.14982
75.66,-1.3757,7.0145,0.42223
75.69,-0.99429,7.0826,-0.8036
75.72,-2.0703,6.851,-0.91256
75.75,-3.8273,6.4424,0.040861
75.78,-4.6718,6.2109,0.040861
75.81,-4.522,6.5922,-0.42223
75.84,-4.5901,7.927,-0.23155
75.87,-5.2847,9.6568,0.23155
75.9,-5.4073,11.223,0.34051
75.93,-6.2109,10.924,0.69464
75.96,-7.5865,11.305,0.50395
75.99,-5.3664,13.062,-1.2667
76.02,-1.9477,11.918,-2.1112
76.05,-0.53119,9.2755,-1.6481
76.08,-1.0351,8.54,-1.185
76.11,-0.91256,9.9156,-1.5663
76.14,-0.27241,10.76,-4.7944
76.17,-1.7979,9.1529,-4.5628
76.2,-4.3994,7.8589,-0.99429
76.23,-5.4345,6.7012,2.261
76.312,-4.5628,6.6331,1.8387
76.34,-2.3018,7.2733,-0.040861
76.37,-2.7922,6.9328,-0.19068
76.4,-3.4459,7.3141,0.31327
76.482,-3.909,8.7306,0.42223
76.52,-3.8682,9.5342,-1.8796
76.55,-2.7241,7.7364,-0.10896
76.58,-1.1169,7.2733,0.081722
76.61,-1.076,7.2733,-0.95342
76.64,-2.6832,6.8238,-0.95342
76.67,-4.3721,6.4424,0.081722
76.7,-4.8625,6.3607,0.14982
76.73,-4.2495,6.7421,-0.19068
76.76,-4.5628,7.246,-0
76.79,-5.3256,8.3493,0.46309
76.82,-5.2847,10.229,0.23155
76.85,-5.4345,11.346,0.081722
76.913,-6.851,11.264,0.34051
76.961,-3.4459,7.6274,-1.4165
77,-4.0997,9.3844,-1.3076
77.03,-3.1463,8.1177,-0.29965
77.06,-2.4108,7.5865,0.27241
77.1,-1.9886,7.8862,0.081722
77.14,-2.833,7.5048,-0.61292
77.17,-3.5958,6.8919,-0.27241
77.21,-4.0589,6.7421,0.31327
77.24,-4.3313,7.0145,0.50395
77.271,-4.7535,7.6683,0.8036
77.3,-5.3256,8.8124,0.69464
77.33,-5.2847,10.692,0.42223
77.36,-5.4754,11.223,1.076
77.393,-7.0145,11.605,1.6889
77.43,-5.598,13.103,0.19068
77.46,-2.1112,10.379,-1.6072
77.49,-1.185,8.1995,-1.4165
77.523,-1.0351,8.1177,-1.6889
77.56,-0.46309,10.42,-4.0589
77.59,-1.2667,9.6977,-3.9771
77.62,-3.6366,8.431,-1.2258
77.65,-5.3256,6.7012,0.95342
77.68,-5.3664,6.2109,1.7298
77.71,-3.909,6.851,0.95342
77.74,-2.5334,7.2733,0.34051
77.77,-3.2961,7.2733,0.50395
77.8,-3.909,7.0826,0.42223
77.83,-3.909,7.0826,0.14982
77.86,-4.018,8.3493,0.72188
77.89,-4.8625,10.338,1.0351
77.92,-6.2381,11.182,0.38137
77.96,-7.0826,10.079,0.84446
77.991,-7.0826,10.501,-1.4982
78.02,-2.8739,11.305,-2.7922
78.05,-1.3076,10.311,-1.5255
78.08,-2.1384,8.4719,-0.38137
78.11,-2.9829,7.8589,-1.076
78.14,-4.1814,9.6977,-1.8387
78.17,-4.3313,10.379,-1.6889
78.2,-3.7865,8.9213,-0.61292
78.23,-2.7922,7.5457,0.31327
78.26,-1.2258,6.9736,0.040861
78.29,-0.72188,7.1234,-0.61292
78.32,-2.3427,6.8919,-0.23155
78.35,-3.4459,6.7012,-0.23155
78.38,-3.4868,7.1234,-0.46309
78.41,-4.0997,7.6683,-0.34051
78.44,-5.3664,8.0496,0.38137
78.47,-6.5514,8.7306,0.84446
78.5,-6.7421,10.147,0.84446
78.53,-6.7012,10.842,1.3076
78.56,-7.246,11.455,1.8387
78.59,-4.985,13.103,0.42223
78.62,-1.6481,11.346,-1.3757
78.65,-0.23155,8.9622,-0.69464
78.68,-0.34051,8.1995,-0.040861
78.71,-0.61292,10.529,-2.1384
78.74,0.10896,10.924,-4.7944
78.77,-1.2667,9.3844,-3.7592
78.8,-3.5277,8.2403,-1.0351
78.83,-5.8567,6.8919,1.6072
78.86,-6.2109,5.8976,1.6889
78.89,-3.4459,6.5922,0.8036
78.92,-2.3699,6.8919,0.50395
78.95,-3.337,6.6331,0.081722
78.98,-3.9771,6.8919,0.34051
79.01,-3.9771,7.6274,0.88532
79.04,-4.3721,9.5751,0.23155
79.07,-5.7478,11.496,0.23155
79.1,-6.6331,11.264,0.8036
79.13,-7.355,11.754,-0.46309
79.16,-4.9442,12.367,-2.0703
79.19,-2.1793,10.733,-1.9477
79.22,-1.3348,9.3027,-1.4982
79.25,-1.6072,8.3901,-1.9886
79.28,-3.1735,9.112,-2.7922
79.31,-4.1814,9.7249,-1.7979
79.34,-3.7865,9.2755,-0.57205
79.37,-2.261,8.1586,0.42223
79.4,-0.65378,7.464,0.081722
79.43,-0.8036,6.8238,-0.8036
79.46,-2.6015,6.5514,-0.76274
79.49,-4.4402,6.5105,0.19068
79.52,-5.2847,6.3607,0.23155
79.55,-4.9442,6.9328,-0.14982
79.58,-4.8216,7.9679,0.040861
79.61,-5.4073,8.9622,0.23155
79.64,-5.4345,10.42,0.27241
79.67,-5.6252,11.032,0.14982
79.7,-7.355,11.536,0.69464
79.73,-5.6252,13.566,0.46309
79.76,-1.8387,12.367,-0.76274
79.79,-0.50395,9.2755,-1.185
79.82,-0.34051,7.927,-1.076
79.85,-0.65378,9.0439,-1.7298
79.88,-0.38137,10.379,-4.3994
79.91,-1.4165,9.5342,-4.0997
79.94,-3.7184,8.1586,-1.5663
79.97,-5.7886,6.2381,1.185
80,-5.0123,6.4016,1.8796
80.03,-2.7241,7.1643,1.1169
80.06,-2.9556,6.9328,-0.040861
80.09,-3.6775,6.8238,0.14982
80.12,-3.7592,6.9328,0.19068
80.15,-3.7592,7.355,-0
80.18,-4.1406,9.1937,-0.10896
80.21,-5.7069,11.496,0.46309
80.24,-6.6331,11.182,0.84446
80.27,-6.9328,11.182,-0.29965
80.3,-4.7126,12.027,-2.2201
80.33,-2.0703,11.536,-1.9886
80.36,-0.88532,9.8475,-1.1441
80.39,-1.2667,8.4719,-1.5663
80.42,-2.6015,9.0439,-2.5606
80.45,-3.6775,9.6568,-2.833
80.48,-3.9771,9.3844,-1.076
80.51,-3.4051,8.3493,0.31327
80.54,-1.5255,7.6274,0.61292
80.57,-0.69464,7.1234,-0.69464
80.6,-1.9205,6.7421,-0.72188
80.63,-4.1814,6.6331,0.69464
80.66,-5.1757,6.5514,0.46309
80.69,-4.8216,6.8919,-0.65378
80.72,-4.8216,7.8181,-0.081722
80.75,-5.203,8.4991,0.10896
80.78,-5.4754,9.507,0.040861
80.81,-5.4754,10.733,0.14982
80.84,-6.3198,10.801,0.42223
80.87,-6.5922,12.762,1.2258
80.9,-3.7865,13.062,0.46309
80.93,-1.3348,10.079,-1.1169
80.96,-0.99429,8.0088,-1.076
80.99,-1.2667,8.6217,-1.3757
81.02,-0.57205,10.501,-3.1054
81.05,-0.29965,10.147,-4.7535
81.08,-2.0703,8.8532,-3.2144
81.11,-4.8625,7.0145,-0.14982
81.14,-6.0474,5.6661,1.3757
81.17,-3.7592,6.5105,1.7979
81.2,-2.7241,7.0553,0.72188
81.23,-3.5277,6.8238,0.081722
81.26,-3.8273,6.9736,0.14982
81.29,-3.7865,7.246,0.23155
81.32,-4.0589,8.6217,0.19068
81.35,-5.4754,10.842,0.10896
81.38,-6.5922,11.645,0.38137
81.41,-7.2733,10.338,0.53119
81.44,-6.7421,10.61,-0.99429
81.47,-3.2553,11.414,-2.6423
81.5,-1.8796,10.692,-1.5255
81.53,-1.2667,8.8124,-0.91256
81.56,-1.5663,8.2403,-1.4982
81.59,-2.7241,9.5342,-2.4108
81.62,-3.5685,10.501,-2.7513
81.65,-3.909,9.9565,-1.076
81.68,-2.9556,8.3084,0.50395
81.71,-1.3348,7.6683,-0.081722
81.74,-1.3348,7.0553,-1.076
81.77,-3.1463,6.5514,-0.040861
81.8,-4.5628,6.279,0.65378
81.83,-4.6309,6.4697,0.19068
81.86,-4.1406,6.8238,-0.34051
81.89,-4.5901,7.464,0.10896
81.92,-5.2847,8.3901,0.46309
81.95,-5.5571,10.147,0.53119
81.98,-5.0531,11.414,-0.10896
82.01,-7.0145,11.496,0.14982
82.04,-7.2733,13.021,1.3757
82.07,-2.9148,12.108,-0
82.1,-0.88532,9.6977,-0.8036
82.13,-0.91256,7.7364,-0.84446
82.16,-1.3348,8.3084,-0.95342
82.19,-0.29965,10.501,-3.0237
82.22,-0.040861,10.12,-4.985
82.25,-1.9477,8.6217,-2.4108
82.28,-4.0589,7.0553,-0.14982
82.31,-5.1757,6.279,0.99429
82.34,-4.3994,6.9736,2.0703
82.37,-3.3642,7.2052,0.95342
82.4,-3.3642,6.8238,-0
82.43,-3.5277,6.8919,-0
82.46,-3.6366,7.3141,0.14982
82.49,-4.1814,8.54,0.081722
82.52,-5.4754,10.692,-0.19068
82.55,-6.7421,11.182,0.19068
82.58,-6.9736,10.692,-0
82.61,-5.1349,11.795,-1.8387
82.64,-2.6832,12.149,-2.2201
82.67,-1.185,10.733,-1.2258
82.7,-1.0351,8.8124,-1.6889
82.73,-2.6015,8.8941,-2.833
82.76,-4.3721,10.147,-2.833
82.79,-4.522,9.9156,-1.2258
82.82,-3.2144,8.4991,-0
82.85,-1.2667,7.7364,-0.14982
82.88,-0.50395,7.2052,-0.84446
82.91,-1.9886,6.5105,-0.34051
82.94,-3.8682,6.0883,0.19068
82.97,-4.4402,6.17,-0.14982
83,-4.3313,6.5105,-0.50395
83.03,-4.5628,7.5048,-0.57205
83.06,-4.8625,8.8124,-0.34051
83.09,-5.203,10.038,-0.10896
83.12,-5.2438,11.223,0.23155
83.15,-6.4288,11.455,0.50395
83.23,-2.2201,11.564,-0.61292
83.26,-0.8036,8.4991,-0.76274
83.29,-1.1441,8.2812,-0.76274
83.32,-1.8387,9.4661,-0.95342
83.39,-0.65378,6.6604,-0.040861
83.421,-0.57205,6.4697,-0.65378
83.45,-1.9205,6.3607,-0.42223
83.48,-3.1054,6.0474,-0.42223
83.51,-4.4402,6.17,-0.040861
83.54,-5.1757,6.6604,-0.19068
83.57,-5.4345,7.7772,0.14982
83.6,-5.8159,9.4661,0.57205
83.63,-5.2847,11.536,0.38137
83.66,-5.8159,11.536,0.46309
83.69,-7.4367,11.645,1.185
83.72,-4.8216,13.593,0.27241
83.75,-1.1169,11.754,-1.2258
83.78,-0.14982,9.003,-1.3076
83.81,-0.46309,8.1995,-1.3348
83.84,-0.88532,9.8475,-2.1793
83.87,-0.69464,10.229,-5.7069
83.9,-2.0703,8.6898,-4.1814
83.93,-3.9499,7.1234,-0.23155
83.96,-4.6718,6.2381,1.757
83.99,-4.5901,6.4424,2.152
84.02,-3.1054,6.6331,1.076
84.05,-2.1112,6.3607,-0.72188
84.08,-3.2553,6.3607,-0.040861
84.11,-3.5958,7.1234,0.8036
84.14,-3.9499,8.1586,0.72188
84.17,-4.7944,10.692,-0.14982
84.2,-6.17,12.027,0.14982
84.23,-6.7421,11.182,0.42223
84.26,-5.9793,12.34,-1.6481
84.29,-2.6832,12.83,-2.7922
84.32,-0.91256,11.264,-1.6481
84.35,-0.69464,9.2755,-2.0703
84.38,-2.5334,9.112,-3.1054
84.41,-4.9033,10.229,-3.337
84.44,-5.094,9.112,-1.6889
84.47,-3.5277,7.7364,0.040861
84.5,-1.2258,6.9328,0.42223
84.53,-0.19068,6.8238,-0.29965
84.56,-1.2667,6.5105,-0.53119
84.59,-2.9829,5.9793,-0.65378
84.62,-4.7126,5.9385,0.081722
84.65,-5.4073,6.17,-0.081722
84.68,-5.1757,7.0553,-0.081722
84.71,-4.8625,8.8941,-0
84.74,-4.8216,11.414,-0.27241
84.77,-6.0202,12.572,0.10896
84.8,-8.6898,12.258,1.185
84.83,-6.5922,13.675,0.95342
84.86,-2.5334,11.986,-0.34051
84.89,-0.8036,8.6217,-0.61292
84.92,-0.76274,7.2052,-0.61292
84.95,-1.4165,8.9622,-0.99429
84.98,-1.0351,11.032,-5.0531
85.01,-0.84446,9.112,-6.3198
85.04,-1.4982,7.1234,-3.1054
85.07,-3.0646,6.6604,0.081722
85.1,-5.1349,6.17,1.076
85.13,-5.8976,6.0883,3.337
85.16,-2.9829,6.7829,1.185
85.19,-2.1384,6.8919,-0.50395
85.22,-3.0237,7.6274,0.081722
85.25,-4.0589,9.1937,0.31327
85.28,-5.4073,11.223,-0.53119
85.31,-7.1234,11.727,-0.61292
85.34,-7.464,10.651,-0.42223
85.37,-6.3607,11.073,-1.6889
85.4,-2.7513,11.564,-3.1463
85.43,-1.3076,11.114,-1.7298
85.46,-0.29965,9.3436,-1.6889
85.49,-1.3076,8.54,-2.8739
85.52,-3.337,9.4661,-3.337
85.55,-4.4402,9.1529,-1.6072
85.58,-3.7592,8.1995,-0.29965
85.61,-1.3348,7.7364,-0.23155
85.64,0.14982,7.464,-0.61292
85.67,-1.0351,7.0826,-0.72188
85.7,-3.1463,6.3198,-0.76274
85.73,-4.7944,5.9793,-0.10896
85.76,-5.7478,6.0883,0.42223
85.79,-5.4073,7.0145,-0.38137
85.82,-4.7535,8.6625,-0.081722
85.85,-4.7535,10.079,-0.19068
85.88,-5.5162,10.924,0.081722
85.91,-7.246,11.182,0.95342
85.94,-6.4697,13.103,0.72188
85.97,-3.2144,13.566,0.081722
86,-1.2258,10.27,-0.95342
86.03,-0.91256,7.464,-1.185
86.06,-1.3348,8.7715,-1.5255
86.09,-0.88532,10.079,-5.1757
86.12,-0.91256,9.3436,-6.4016
86.15,-1.4574,8.7306,-2.8739
86.18,-3.7184,7.0145,-0
86.21,-5.4073,5.7886,0.57205
86.24,-4.0997,6.2109,1.9886
86.27,-2.7241,7.0826,0.99429
86.3,-3.1735,6.9736,-0.14982
86.33,-3.3642,7.3141,-0.27241
86.36,-3.5277,7.927,-0.081722
86.39,-4.1406,9.5751,-0.65378
86.42,-5.6661,11.605,-0.8036
86.45,-6.5922,11.182,0.14982
86.48,-7.2052,10.569,-0.69464
86.51,-4.018,11.536,-3.337
86.54,-1.5255,11.073,-2.5606
86.57,-1.185,9.9565,-1.7979
86.6,-1.7979,8.6625,-2.3427
86.63,-3.5958,9.2346,-3.0646
86.66,-4.985,10.12,-2.2201
86.69,-3.909,9.2755,-1.1441
86.72,-2.0703,8.0769,-0.65378
86.75,-0.72188,7.0553,-0.19068
86.79,-0.76274,6.7829,-0.76274
86.82,-2.4517,6.0474,-0.95342
86.85,-3.909,5.8976,-0.29965
86.88,-4.8216,6.0883,-0.14982
86.91,-5.094,6.9328,-0.38137
86.94,-5.4073,8.2812,-0.040861
86.97,-5.4345,9.6977,0.10896
87,-5.5571,10.992,0.38137
87.03,-7.0826,11.073,0.88532
87.06,-6.3607,13.402,0.38137
87.09,-3.2961,14.329,-0.91256
87.12,-1.2258,10.733,-1.4574
87.15,-0.76274,7.7772,-1.3076
87.18,-0.34051,8.7306,-2.4108
87.21,0.46309,9.616,-6.0202
87.24,-1.1169,9.3436,-5.7886
87.27,-4.0589,8.6217,-0.38137
87.3,-5.4345,6.6604,2.1793
87.33,-4.3994,6.4016,2.3699
87.36,-2.2201,6.4697,0.10896
87.39,-2.0703,6.3198,-0.69464
87.42,-3.5277,6.3607,-0.10896
87.45,-3.5685,6.8238,-0.081722
87.48,-3.6775,7.7772,0.27241
87.51,-4.522,10.27,-0.42223
87.54,-6.2109,12.149,-0.38137
87.57,-6.8919,11.564,0.23155
87.6,-5.9793,12.449,-1.9477
87.63,-2.6423,12.721,-3.4459
87.66,-1.3348,10.883,-1.9477
87.69,-1.6072,8.5808,-2.2201
87.72,-3.2553,8.3901,-3.2961
87.75,-4.6309,10.079,-2.833
87.78,-3.9771,9.3844,-2.261
87.81,-2.1384,8.0769,-1.7979
87.84,-0.91256,7.464,-0.34051
87.87,-0.88532,6.8919,-0.27241
87.9,-1.9205,6.4424,-0.72188
87.93,-3.5277,5.9793,-0.38137
87.96,-4.7944,6.0883,0.081722
87.99,-4.5901,6.7829,-0.19068
88.02,-3.909,7.5865,-0.76274
88.05,-4.2087,8.8124,-0.84446
88.08,-4.7535,9.9973,-0.50395
88.11,-5.5571,10.529,0.081722
88.14,-6.8238,11.141,0.76274
88.17,-5.5162,14.247,-0.38137
88.2,-2.7513,14.41,-1.185
88.23,-0.57205,10.529,-1.185
88.26,-0.19068,8.3901,-1.3757
88.29,0.34051,9.1937,-2.5606
88.32,0.081722,10.501,-3.3642
88.35,-0.61292,9.5751,-4.1406
88.38,-2.8739,7.8589,-2.3427
88.41,-4.8216,6.5922,-0.27241
88.44,-5.1757,6.7012,1.4574
88.47,-4.6718,7.3958,2.4108
88.5,-2.3427,7.4367,0.10896
88.53,-2.5606,7.2733,-0.081722
88.56,-3.5685,7.4367,0.61292
88.59,-3.1054,7.1643,0.31327
88.62,-2.9556,7.4367,-0.50395
88.65,-4.7535,9.5342,-0.19068
88.68,-6.6331,10.733,0.27241
88.71,-8.0496,10.651,0.10896
88.74,-5.7886,12.149,-1.3757
88.77,-1.9477,11.264,-2.1384
88.8,-0.61292,9.4661,-1.6889
88.83,-2.1384,9.2346,-1.4574
88.86,-4.1406,10.76,-1.3348
88.89,-4.2087,10.951,-1.3076
88.92,-2.9148,9.616,-1.0351
88.95,-1.9886,7.7772,-0.65378
88.98,-2.3018,6.8238,-0.27241
89.01,-2.6423,6.7829,0.081722
89.04,-2.0294,6.8919,-0.040861
89.07,-2.0703,7.0553,-0.50395
89.1,-2.1112,7.464,-0.23155
89.13,-2.3699,7.9679,-0.57205
89.16,-3.0237,8.6898,-1.2667
89.19,-4.1814,9.4253,-1.1441
89.22,-5.6661,10.311,-0.081722
89.25,-5.2438,10.61,-0.69464
89.334,-4.4402,9.616,-1.185
89.37,-5.1757,12.953,-0.23155
89.4,-2.833,9.7249,-0.23155
89.43,-1.4982,6.8238,-0.081722
89.46,-1.4165,5.3256,-0.46309
89.491,-2.3427,6.0883,0.081722
89.52,-3.2961,9.0848,0.42223
89.551,-3.9771,11.305,0.95342
89.58,-4.2087,10.12,1.3076
89.68,-6.7421,9.1937,-1.3076
89.71,-6.6604,9.0848,-0.88532
89.74,-6.2109,9.1937,-0.57205
89.77,-6.4288,9.2755,-0.19068
89.8,-5.2847,7.2733,-0.23155
89.83,-3.6366,5.0123,-0.38137
89.86,-2.7241,3.3778,-0.95342
89.89,-2.9556,3.5685,-1.7979
89.92,-4.522,5.8567,-1.8387
89.95,-4.522,7.5048,-3.0237
89.98,-4.1814,8.0769,-4.3721
90.01,-4.6718,7.0553,-4.3721
90.04,-4.1406,5.1757,-4.2087
90.07,-3.7592,4.8216,-2.6423
90.1,-4.985,7.3958,-1.7298
90.13,-7.0417,9.8884,-2.9829
90.16,-5.9793,8.8532,-3.1735
90.19,-4.7126,8.7715,-2.9829
90.22,-5.3664,9.8475,-3.7865
90.25,-5.2847,8.1995,-2.8739
90.296,-4.7126,6.4697,-1.5663
90.33,-3.0237,4.3313,-0.8036
90.36,-3.2144,4.4402,0.081722
90.39,-5.203,7.5457,0.72188
90.445,-6.9328,10.338,-0.27241
90.5,-0.99429,4.6309,9.003
90.87,-0.42223,6.9736,8.8124
90.91,-1.757,5.2166,7.2733
90.94,-1.7298,5.1757,8.2812
90.97,-1.185,4.9033,8.4719
91.01,-0.91256,5.1757,8.1995
91.04,-1.6481,4.7126,7.8181
91.07,-1.9205,5.094,7.6274
91.1,-2.2201,5.2166,7.6683
91.13,-1.757,4.7535,8.4991
91.16,-0.53119,4.2495,9.4661
91.19,-0.10896,4.3721,9.3844
91.22,-1.185,5.2166,8.7715
91.25,-2.3427,5.9793,7.7364
91.29,-2.3427,6.0474,7.1643
91.32,-2.1793,6.0202,7.6274
91.359,-1.3757,6.0883,8.4719
91.391,-0.29965,6.0474,8.1586
91.423,-0.27241,5.8976,7.246
91.46,-0.46309,5.9793,6.8919
91.5,-1.3348,5.7886,7.7772
91.534,-1.4574,5.7886,8.0496
91.57,-1.6889,6.0883,7.5865
91.61,-1.1169,5.6252,7.6683
91.65,-1.076,5.4345,8.0769
91.68,-0.72188,5.2847,8.1177
91.71,-0.76274,5.4345,7.7772
91.74,-1.0351,5.2166,7.7772
91.78,-1.2258,5.5571,7.9679
91.81,-1.0351,5.7069,8.0088
91.84,-0.8036,5.5571,8.0088
91.87,-0.91256,5.6252,7.8589
91.917,-1.076,5.4754,7.8181
91.951,-1.4165,5.5571,7.9679
91.98,-1.1441,5.2166,8.1586
92.011,-1.2258,5.2438,8.1586
92.04,-1.076,5.5571,8.0496
92.07,-1.0351,5.7069,7.8862
92.1,-1.1441,5.598,7.7772
92.13,-1.185,5.598,7.8181
92.16,-1.076,5.4073,7.7772
92.19,-0.99429,5.2847,7.8181
92.22,-1.2258,5.5571,7.8181
92.25,-1.185,5.4345,7.9679
92.28,-1.1441,5.4345,8.1586
92.31,-1.185,5.4754,8.1177
92.34,-1.3348,5.5162,7.9679
92.37,-1.3348,5.598,7.8589
92.4,-1.2258,5.4073,7.8862
92.43,-1.2667,5.4345,8.0496
92.461,-1.185,5.4754,7.927
92.49,-1.185,5.5162,7.927
92.52,-1.185,5.4345,8.1177
92.55,-1.185,5.4073,8.0496
92.58,-1.1441,5.4073,7.7772
92.61,-1.3348,5.5571,7.6274
92.64,-1.3076,5.5571,7.9679
92.67,-1.1441,5.598,8.0769
92.7,-0.99429,5.6252,7.9679
92.73,-1.076,5.598,7.7772
92.76,-1.185,5.5571,7.8589
92.79,-1.2258,5.598,8.0088
92.82,-1.1441,5.598,8.0088
92.85,-1.076,5.5571,7.8589
92.88,-1.1441,5.5162,7.8589
92.91,-1.185,5.598,7.7772
92.94,-1.185,5.5162,7.8589
92.97,-1.185,5.5162,7.8181
93,-1.185,5.5162,8.0496
93.03,-1.1441,5.4754,8.3084
93.06,-1.185,5.5571,7.9679
93.09,-1.3076,5.6661,7.3958
93.12,-1.5255,5.7069,7.2052
93.16,-1.2667,5.4754,8.431
93.19,-1.185,6.0474,8.3493
93.22,-1.2258,6.0883,7.0145
93.25,-1.3348,5.7886,7.2052
93.28,-1.4574,5.598,8.0769
93.31,-1.3757,5.598,8.2812
93.34,-1.2258,5.7478,7.927
93.37,-1.3348,5.8567,7.464
93.4,-1.2667,5.8567,7.5865
93.43,-1.185,5.8295,7.6274
93.46,-1.185,5.7886,7.4367
93.49,-1.2258,5.7478,7.464
93.521,-1.1441,5.7069,7.8862
93.55,-1.185,5.7478,7.7772
93.581,-1.3076,5.7886,7.5048
93.62,-1.2258,5.8295,7.6683
93.65,-1.076,5.8295,7.8589
93.68,-1.076,5.7886,7.7364
93.71,-1.2258,5.7886,7.5865
93.74,-1.2258,5.7478,7.6274
93.77,-1.1169,5.7886,7.7364
93.8,-1.076,5.7478,7.6683
93.83,-1.0351,5.7478,7.6274
93.86,-1.076,5.7886,7.6683
93.89,-1.0351,5.7478,7.5457
93.92,-0.99429,5.6252,7.5048
93.95,-1.1169,5.6661,7.6274
93.98,-1.3076,5.8567,7.7364
94.01,-1.2667,5.9793,7.3958
94.04,-1.076,5.8295,7.1643
94.07,-1.1441,5.8567,7.355
94.1,-1.3757,5.9385,7.8862
94.13,-1.2667,5.9385,7.7364
94.16,-1.1169,5.8567,7.5865
94.19,-1.185,5.8976,7.7772
94.22,-0.99429,5.9385,7.7772
94.25,-0.61292,5.8567,7.6683
94.28,-0.34051,5.8976,7.4367
94.31,-0.14982,6.0883,7.464
94.34,-0.040861,6.3607,7.5457
94.37,-0.081722,6.4424,7.7364
94.4,-0.34051,6.3607,7.6683
94.43,-0.50395,6.3198,7.7772
94.46,-0.50395,6.279,7.8181
94.49,-0.46309,6.279,7.7364
94.52,-0.34051,6.2109,7.9679
94.55,-0.50395,6.0883,7.9679
94.58,-0.99429,6.0202,7.6955
94.61,-1.3348,5.9793,7.355
94.64,-1.4165,6.0202,7.246
94.67,-1.3348,5.8567,7.3958
94.7,-1.4165,5.7478,7.5048
94.731,-1.4165,5.6252,7.2052
94.76,-1.8796,6.17,7.4367
94.79,-1.9477,6.17,8.3901
94.82,-2.1793,5.8567,7.3958
94.85,-1.8796,5.4754,6.851
94.88,-1.8387,5.3256,7.2733
